ball_12760.jpg,0,0,16,16,pink
ball_846.jpg,0,0,20,21,pink
ball_786.jpg,0,0,20,21,pink
ball_12753.jpg,0,0,16,16,pink
ball_770.jpg,0,0,20,21,pink
ball_816.jpg,0,0,20,21,pink
ball_860.jpg,0,0,20,21,pink
ball_864.jpg,0,0,20,21,pink
ball_882.jpg,0,0,20,21,pink
ball_514.jpg,0,0,20,21,pink
ball_682.jpg,0,0,20,21,pink
ball_798.jpg,0,0,20,21,pink
ball_850.jpg,0,0,20,21,pink
ball_646.jpg,0,0,20,21,pink
ball_566.jpg,0,0,20,21,pink
ball_12758.jpg,0,0,16,16,pink
ball_586.jpg,0,0,20,21,pink
ball_828.jpg,0,0,20,21,pink
ball_880.jpg,0,0,20,21,pink
ball_818.jpg,0,0,20,21,pink
ball_884.jpg,0,0,20,21,pink
ball_652.jpg,0,0,20,21,pink
ball_826.jpg,0,0,20,21,pink
ball_822.jpg,0,0,20,21,pink
ball_766.jpg,0,0,20,21,pink
ball_672.jpg,0,0,20,21,pink
ball_604.jpg,0,0,20,21,pink
ball_574.jpg,0,0,20,21,pink
ball_594.jpg,0,0,20,21,pink
ball_836.jpg,0,0,20,21,pink
ball_838.jpg,0,0,20,21,pink
ball_550.jpg,0,0,20,21,pink
ball_892.jpg,0,0,20,21,pink
ball_630.jpg,0,0,20,21,pink
ball_768.jpg,0,0,20,21,pink
ball_556.jpg,0,0,20,21,pink
ball_660.jpg,0,0,20,21,pink
ball_632.jpg,0,0,20,21,pink
ball_810.jpg,0,0,20,21,pink
ball_528.jpg,0,0,20,21,pink
ball_872.jpg,0,0,20,21,pink
ball_812.jpg,0,0,20,21,pink
ball_694.jpg,0,0,20,21,pink
ball_886.jpg,0,0,20,21,pink
ball_706.jpg,0,0,20,21,pink
ball_638.jpg,0,0,20,21,pink
ball_868.jpg,0,0,20,21,pink
ball_902.jpg,0,0,20,21,pink
ball_582.jpg,0,0,20,21,pink
ball_12747.jpg,0,0,16,16,pink
ball_790.jpg,0,0,20,21,pink
ball_748.jpg,0,0,20,21,pink
ball_794.jpg,0,0,20,21,pink
ball_570.jpg,0,0,20,21,pink
ball_832.jpg,0,0,20,21,pink
ball_678.jpg,0,0,20,21,pink
ball_12751.jpg,0,0,16,16,pink
ball_804.jpg,0,0,20,21,pink
ball_732.jpg,0,0,20,21,pink
ball_598.jpg,0,0,20,21,pink
ball_746.jpg,0,0,20,21,pink
ball_668.jpg,0,0,20,21,pink
ball_788.jpg,0,0,20,21,pink
ball_606.jpg,0,0,20,21,pink
ball_900.jpg,0,0,20,21,pink
ball_12755.jpg,0,0,16,16,pink
ball_866.jpg,0,0,20,21,pink
ball_704.jpg,0,0,20,21,pink
ball_538.jpg,0,0,20,21,pink
ball_568.jpg,0,0,20,21,pink
ball_870.jpg,0,0,20,21,pink
ball_720.jpg,0,0,20,21,pink
ball_546.jpg,0,0,20,21,pink
ball_744.jpg,0,0,20,21,pink
ball_738.jpg,0,0,20,21,pink
ball_536.jpg,0,0,20,21,pink
ball_524.jpg,0,0,20,21,pink
ball_618.jpg,0,0,20,21,pink
ball_614.jpg,0,0,20,21,pink
ball_548.jpg,0,0,20,21,pink
ball_516.jpg,0,0,20,21,pink
ball_760.jpg,0,0,20,21,pink
ball_634.jpg,0,0,20,21,pink
ball_664.jpg,0,0,20,21,pink
ball_690.jpg,0,0,20,21,pink
ball_698.jpg,0,0,20,21,pink
ball_800.jpg,0,0,20,21,pink
ball_620.jpg,0,0,20,21,pink
ball_894.jpg,0,0,20,21,pink
ball_560.jpg,0,0,20,21,pink
ball_696.jpg,0,0,20,21,pink
ball_750.jpg,0,0,20,21,pink
ball_534.jpg,0,0,20,21,pink
ball_626.jpg,0,0,20,21,pink
ball_540.jpg,0,0,20,21,pink
ball_806.jpg,0,0,20,21,pink
ball_730.jpg,0,0,20,21,pink
ball_622.jpg,0,0,20,21,pink
ball_642.jpg,0,0,20,21,pink
ball_564.jpg,0,0,20,21,pink
ball_12759.jpg,0,0,16,16,pink
ball_758.jpg,0,0,20,21,pink
ball_776.jpg,0,0,20,21,pink
ball_718.jpg,0,0,20,21,pink
ball_808.jpg,0,0,20,21,pink
ball_530.jpg,0,0,20,21,pink
ball_862.jpg,0,0,20,21,pink
ball_710.jpg,0,0,20,21,pink
ball_702.jpg,0,0,20,21,pink
ball_654.jpg,0,0,20,21,pink
ball_580.jpg,0,0,20,21,pink
ball_532.jpg,0,0,20,21,pink
ball_844.jpg,0,0,20,21,pink
ball_624.jpg,0,0,20,21,pink
ball_688.jpg,0,0,20,21,pink
ball_576.jpg,0,0,20,21,pink
ball_878.jpg,0,0,20,21,pink
ball_676.jpg,0,0,20,21,pink
ball_522.jpg,0,0,20,21,pink
ball_756.jpg,0,0,20,21,pink
ball_840.jpg,0,0,20,21,pink
ball_784.jpg,0,0,20,21,pink
ball_736.jpg,0,0,20,21,pink
ball_888.jpg,0,0,20,21,pink
ball_12763.jpg,0,0,16,16,pink
ball_820.jpg,0,0,20,21,pink
ball_628.jpg,0,0,20,21,pink
ball_848.jpg,0,0,20,21,pink
ball_12752.jpg,0,0,16,16,pink
ball_722.jpg,0,0,20,21,pink
ball_650.jpg,0,0,20,21,pink
ball_890.jpg,0,0,20,21,pink
ball_752.jpg,0,0,20,21,pink
ball_734.jpg,0,0,20,21,pink
ball_658.jpg,0,0,20,21,pink
ball_780.jpg,0,0,20,21,pink
ball_674.jpg,0,0,20,21,pink
ball_590.jpg,0,0,20,21,pink
ball_802.jpg,0,0,20,21,pink
ball_526.jpg,0,0,20,21,pink
ball_852.jpg,0,0,20,21,pink
ball_814.jpg,0,0,20,21,pink
ball_12748.jpg,0,0,16,16,pink
ball_666.jpg,0,0,20,21,pink
ball_12762.jpg,0,0,16,16,pink
ball_728.jpg,0,0,20,21,pink
ball_636.jpg,0,0,20,21,pink
ball_754.jpg,0,0,20,21,pink
ball_12757.jpg,0,0,16,16,pink
ball_874.jpg,0,0,20,21,pink
ball_600.jpg,0,0,20,21,pink
ball_724.jpg,0,0,20,21,pink
ball_12749.jpg,0,0,16,16,pink
ball_656.jpg,0,0,20,21,pink
ball_572.jpg,0,0,20,21,pink
ball_648.jpg,0,0,20,21,pink
ball_544.jpg,0,0,20,21,pink
ball_612.jpg,0,0,20,21,pink
ball_12754.jpg,0,0,16,16,pink
ball_596.jpg,0,0,20,21,pink
ball_740.jpg,0,0,20,21,pink
ball_520.jpg,0,0,20,21,pink
ball_700.jpg,0,0,20,21,pink
ball_640.jpg,0,0,20,21,pink
ball_830.jpg,0,0,20,21,pink
ball_670.jpg,0,0,20,21,pink
ball_542.jpg,0,0,20,21,pink
ball_714.jpg,0,0,20,21,pink
ball_764.jpg,0,0,20,21,pink
ball_842.jpg,0,0,20,21,pink
ball_778.jpg,0,0,20,21,pink
ball_680.jpg,0,0,20,21,pink
