ball_1674.jpg,0,0,18,23
ball_14131.jpg,0,0,18,18
ball_15958.jpg,0,0,16,16
ball_16078.jpg,0,0,18,18
ball_15187.jpg,0,0,16,16
ball_15185.jpg,0,0,18,18
ball_5756.jpg,0,0,20,22
ball_16277.jpg,0,0,17,17
ball_5488.jpg,0,0,16,22
ball_14287.jpg,0,0,17,17
ball_924.jpg,0,0,17,17
ball_5578.jpg,0,0,19,20
ball_16460.jpg,0,0,16,16
ball_13784.jpg,0,0,19,19
ball_5546.jpg,0,0,20,19
ball_14963.jpg,0,0,19,19
ball_16272.jpg,0,0,16,16
ball_15201.jpg,0,0,16,16
ball_14007.jpg,0,0,19,19
ball_15940.jpg,0,0,17,17
ball_13160.jpg,0,0,18,18
ball_12507.jpg,0,0,16,16
ball_14286.jpg,0,0,16,16
ball_5550.jpg,0,0,19,20
ball_12597.jpg,0,0,16,16
ball_13040.jpg,0,0,16,16
ball_15171.jpg,0,0,16,16
ball_14511.jpg,0,0,18,18
ball_15048.jpg,0,0,18,18
ball_14721.jpg,0,0,16,16
ball_5680.jpg,0,0,19,21
ball_5074.jpg,0,0,21,22
ball_13027.jpg,0,0,18,18
ball_15050.jpg,0,0,16,16
ball_16466.jpg,0,0,18,18
ball_1136.jpg,0,0,22,22
ball_15765.jpg,0,0,16,16
ball_12625.jpg,0,0,24,26
ball_1962.jpg,0,0,20,25
ball_14395.jpg,0,0,19,19
ball_13347.jpg,0,0,17,17
ball_15319.jpg,0,0,19,19
ball_5822.jpg,0,0,20,20
ball_14671.jpg,0,0,17,17
ball_1030.jpg,0,0,18,22
ball_14293.jpg,0,0,19,19
ball_15572.jpg,0,0,17,17
ball_5444.jpg,0,0,18,21
ball_14698.jpg,0,0,17,17
ball_12571.jpg,0,0,16,16
ball_13185.jpg,0,0,16,16
ball_5598.jpg,0,0,18,21
ball_15061.jpg,0,0,16,16
ball_14657.jpg,0,0,19,19
ball_14155.jpg,0,0,18,18
ball_12599.jpg,0,0,16,16
ball_14303.jpg,0,0,17,17
ball_15771.jpg,0,0,16,16
ball_15567.jpg,0,0,16,16
ball_15570.jpg,0,0,19,19
ball_14941.jpg,0,0,17,17
ball_15375.jpg,0,0,16,16
ball_15369.jpg,0,0,18,18
ball_14363.jpg,0,0,33,33
ball_15939.jpg,0,0,16,16
ball_5720.jpg,0,0,19,21
ball_15574.jpg,0,0,19,19
ball_15547.jpg,0,0,16,16
ball_15308.jpg,0,0,16,16
ball_13996.jpg,0,0,16,16
ball_14172.jpg,0,0,16,16
ball_16474.jpg,0,0,16,16
ball_14969.jpg,0,0,16,16
ball_1638.jpg,0,0,21,20
ball_990.jpg,0,0,19,18
ball_13774.jpg,0,0,17,17
ball_12771.jpg,0,0,17,17
ball_12593.jpg,0,0,16,16
ball_15929.jpg,0,0,18,18
ball_13747.jpg,0,0,16,16
ball_15769.jpg,0,0,16,16
ball_5530.jpg,0,0,20,18
ball_14367.jpg,0,0,19,19
ball_5674.jpg,0,0,20,20
ball_13264.jpg,0,0,16,16
ball_1614.jpg,0,0,21,19
ball_13564.jpg,0,0,35,35
ball_13235.jpg,0,0,25,25
ball_1110.jpg,0,0,25,30
ball_14548.jpg,0,0,16,16
ball_13176.jpg,0,0,18,18
ball_15675.jpg,0,0,16,16
ball_15656.jpg,0,0,19,19
ball_13583.jpg,0,0,18,18
ball_12517.jpg,0,0,16,16
ball_15311.jpg,0,0,19,19
ball_13343.jpg,0,0,17,17
ball_13989.jpg,0,0,17,17
ball_16458.jpg,0,0,18,18
ball_15658.jpg,0,0,17,17
ball_12513.jpg,0,0,16,16
ball_15172.jpg,0,0,17,17
ball_13172.jpg,0,0,18,18
ball_5042.jpg,0,0,21,22
ball_954.jpg,0,0,22,20
ball_15756.jpg,0,0,17,17
ball_1642.jpg,0,0,20,20
ball_13734.jpg,0,0,16,16
ball_12691.jpg,0,0,16,16
ball_14728.jpg,0,0,19,19
ball_1620.jpg,0,0,20,18
ball_1942.jpg,0,0,19,25
ball_14023.jpg,0,0,19,19
ball_15645.jpg,0,0,16,16
ball_14024.jpg,0,0,16,16
ball_13753.jpg,0,0,16,16
ball_14650.jpg,0,0,16,16
ball_14525.jpg,0,0,16,16
ball_15026.jpg,0,0,16,16
ball_14947.jpg,0,0,19,19
ball_13020.jpg,0,0,19,19
ball_12519.jpg,0,0,16,16
ball_1098.jpg,0,0,26,27
ball_14530.jpg,0,0,17,17
ball_15341.jpg,0,0,16,16
ball_15770.jpg,0,0,16,16
ball_15739.jpg,0,0,16,16
ball_5002.jpg,0,0,18,19
ball_14001.jpg,0,0,17,17
ball_14280.jpg,0,0,18,18
ball_14292.jpg,0,0,18,18
ball_5558.jpg,0,0,18,20
ball_14381.jpg,0,0,17,17
ball_5648.jpg,0,0,18,21
ball_5730.jpg,0,0,20,20
ball_14000.jpg,0,0,16,16
ball_12629.jpg,0,0,16,16
ball_14030.jpg,0,0,16,16
ball_15318.jpg,0,0,18,18
ball_15552.jpg,0,0,17,17
ball_5778.jpg,0,0,18,21
ball_1930.jpg,0,0,19,26
ball_15064.jpg,0,0,16,16
ball_5476.jpg,0,0,16,22
ball_15166.jpg,0,0,19,19
ball_1054.jpg,0,0,26,24
ball_14385.jpg,0,0,17,17
ball_13262.jpg,0,0,18,18
ball_15168.jpg,0,0,17,17
ball_15390.jpg,0,0,16,16
ball_918.jpg,0,0,18,18
ball_14143.jpg,0,0,18,18
ball_14524.jpg,0,0,19,19
ball_1004.jpg,0,0,23,19
ball_14701.jpg,0,0,16,16
ball_12670.jpg,0,0,16,16
ball_1950.jpg,0,0,19,26
ball_15320.jpg,0,0,16,16
ball_5524.jpg,0,0,20,18
ball_15633.jpg,0,0,16,16
ball_12791.jpg,0,0,17,17
ball_13141.jpg,0,0,28,28
ball_1624.jpg,0,0,20,18
ball_16275.jpg,0,0,19,19
ball_14162.jpg,0,0,17,17
ball_15671.jpg,0,0,16,16
ball_13783.jpg,0,0,18,18
ball_14167.jpg,0,0,16,16
ball_14529.jpg,0,0,16,16
ball_13332.jpg,0,0,18,18
ball_15915.jpg,0,0,16,16
ball_13025.jpg,0,0,16,16
ball_13717.jpg,0,0,19,19
ball_16064.jpg,0,0,16,16
ball_14661.jpg,0,0,19,19
ball_13771.jpg,0,0,18,18
ball_5560.jpg,0,0,19,21
ball_1626.jpg,0,0,18,19
ball_15735.jpg,0,0,16,16
ball_5540.jpg,0,0,19,18
ball_16096.jpg,0,0,16,16
ball_15576.jpg,0,0,16,16
ball_1058.jpg,0,0,24,24
ball_14396.jpg,0,0,16,16
ball_12689.jpg,0,0,16,16
ball_5628.jpg,0,0,18,20
ball_14141.jpg,0,0,16,16
ball_14727.jpg,0,0,18,18
ball_14704.jpg,0,0,19,19
ball_15176.jpg,0,0,17,17
ball_14968.jpg,0,0,16,16
ball_14304.jpg,0,0,18,18
ball_14147.jpg,0,0,18,18
ball_13574.jpg,0,0,17,17
ball_15747.jpg,0,0,16,16
ball_14026.jpg,0,0,16,16
ball_1088.jpg,0,0,28,27
ball_5038.jpg,0,0,21,22
ball_5814.jpg,0,0,18,21
ball_14274.jpg,0,0,16,16
ball_5432.jpg,0,0,18,21
ball_16081.jpg,0,0,17,17
ball_15376.jpg,0,0,17,17
ball_15203.jpg,0,0,16,16
ball_15954.jpg,0,0,16,16
ball_13278.jpg,0,0,16,16
ball_15027.jpg,0,0,17,17
ball_920.jpg,0,0,20,18
ball_13766.jpg,0,0,17,17
ball_5532.jpg,0,0,20,18
ball_14694.jpg,0,0,17,17
ball_15206.jpg,0,0,16,16
ball_15737.jpg,0,0,18,18
ball_13596.jpg,0,0,19,19
ball_5630.jpg,0,0,18,20
ball_5818.jpg,0,0,19,20
ball_15577.jpg,0,0,16,16
ball_922.jpg,0,0,19,18
ball_14686.jpg,0,0,16,16
ball_16473.jpg,0,0,16,16
ball_988.jpg,0,0,20,20
ball_14547.jpg,0,0,16,16
ball_15030.jpg,0,0,16,16
ball_15643.jpg,0,0,18,18
ball_13157.jpg,0,0,19,19
ball_14146.jpg,0,0,17,17
ball_16093.jpg,0,0,16,16
ball_14669.jpg,0,0,19,19
ball_13034.jpg,0,0,17,17
ball_1634.jpg,0,0,19,18
ball_12806.jpg,0,0,16,16
ball_15188.jpg,0,0,17,17
ball_16250.jpg,0,0,18,18
ball_15024.jpg,0,0,18,18
ball_13018.jpg,0,0,17,17
ball_16273.jpg,0,0,17,17
ball_12639.jpg,0,0,16,16
ball_15179.jpg,0,0,16,16
ball_956.jpg,0,0,20,19
ball_12509.jpg,0,0,16,16
ball_5512.jpg,0,0,19,18
ball_14705.jpg,0,0,16,16
ball_14012.jpg,0,0,16,16
ball_15921.jpg,0,0,18,18
ball_13363.jpg,0,0,17,17
ball_14537.jpg,0,0,16,16
ball_1084.jpg,0,0,23,26
ball_1100.jpg,0,0,27,30
ball_14534.jpg,0,0,17,17
ball_5548.jpg,0,0,20,19
ball_16270.jpg,0,0,18,18
ball_4998.jpg,0,0,18,20
ball_15731.jpg,0,0,16,16
ball_15640.jpg,0,0,19,19
ball_13356.jpg,0,0,18,18
ball_15727.jpg,0,0,16,16
ball_13744.jpg,0,0,16,16
ball_12787.jpg,0,0,17,17
ball_1958.jpg,0,0,19,28
ball_13023.jpg,0,0,18,18
ball_13715.jpg,0,0,17,17
ball_13590.jpg,0,0,17,17
ball_16055.jpg,0,0,24,24
ball_14403.jpg,0,0,16,16
ball_946.jpg,0,0,19,18
ball_5510.jpg,0,0,19,19
ball_12596.jpg,0,0,16,16
ball_16264.jpg,0,0,16,16
ball_15764.jpg,0,0,16,16
ball_14699.jpg,0,0,18,18
ball_14401.jpg,0,0,16,16
ball_14654.jpg,0,0,16,16
ball_1666.jpg,0,0,19,19
ball_16074.jpg,0,0,18,18
ball_14706.jpg,0,0,17,17
ball_14305.jpg,0,0,19,19
ball_14018.jpg,0,0,18,18
ball_15058.jpg,0,0,16,16
ball_1616.jpg,0,0,20,19
ball_12785.jpg,0,0,19,19
ball_15744.jpg,0,0,17,17
ball_15555.jpg,0,0,16,16
ball_14297.jpg,0,0,19,19
ball_12699.jpg,0,0,16,16
ball_14726.jpg,0,0,17,17
ball_5664.jpg,0,0,21,21
ball_14272.jpg,0,0,18,18
ball_15657.jpg,0,0,16,16
ball_12650.jpg,0,0,16,16
ball_14967.jpg,0,0,16,16
ball_16444.jpg,0,0,16,16
ball_5728.jpg,0,0,20,22
ball_5782.jpg,0,0,18,20
ball_16099.jpg,0,0,16,16
ball_13242.jpg,0,0,18,18
ball_5726.jpg,0,0,19,21
ball_13707.jpg,0,0,17,17
ball_13998.jpg,0,0,18,18
ball_14374.jpg,0,0,18,18
ball_12692.jpg,0,0,16,16
ball_14011.jpg,0,0,19,19
ball_15545.jpg,0,0,18,18
ball_16442.jpg,0,0,18,18
ball_15324.jpg,0,0,16,16
ball_13150.jpg,0,0,16,16
ball_16259.jpg,0,0,19,19
ball_12804.jpg,0,0,16,16
ball_15053.jpg,0,0,19,19
ball_13731.jpg,0,0,17,17
ball_16475.jpg,0,0,16,16
ball_15193.jpg,0,0,18,18
ball_13033.jpg,0,0,16,16
ball_14662.jpg,0,0,16,16
ball_15164.jpg,0,0,17,17
ball_14516.jpg,0,0,19,19
ball_5064.jpg,0,0,21,22
ball_12766.jpg,0,0,16,16
ball_13258.jpg,0,0,18,18
ball_14283.jpg,0,0,17,17
ball_15661.jpg,0,0,16,16
ball_5434.jpg,0,0,20,20
ball_15539.jpg,0,0,16,16
ball_15355.jpg,0,0,16,16
ball_12798.jpg,0,0,16,16
ball_14289.jpg,0,0,19,19
ball_15674.jpg,0,0,16,16
ball_15642.jpg,0,0,17,17
ball_13756.jpg,0,0,19,19
ball_12786.jpg,0,0,16,16
ball_15927.jpg,0,0,16,16
ball_5040.jpg,0,0,21,22
ball_5652.jpg,0,0,19,20
ball_15959.jpg,0,0,16,16
ball_14307.jpg,0,0,16,16
ball_15342.jpg,0,0,16,16
ball_15956.jpg,0,0,16,16
ball_12700.jpg,0,0,16,16
ball_13266.jpg,0,0,18,18
ball_16254.jpg,0,0,18,18
ball_15952.jpg,0,0,16,16
ball_13158.jpg,0,0,16,16
ball_14531.jpg,0,0,18,18
ball_13155.jpg,0,0,17,17
ball_14400.jpg,0,0,16,16
ball_5634.jpg,0,0,19,20
ball_1682.jpg,0,0,18,23
ball_1104.jpg,0,0,25,26
ball_16455.jpg,0,0,19,19
ball_12581.jpg,0,0,16,16
ball_13164.jpg,0,0,18,18
ball_13588.jpg,0,0,19,19
ball_5710.jpg,0,0,18,18
ball_13724.jpg,0,0,18,18
ball_5692.jpg,0,0,19,19
ball_16435.jpg,0,0,19,19
ball_1932.jpg,0,0,19,25
ball_14173.jpg,0,0,16,16
ball_15655.jpg,0,0,18,18
ball_13754.jpg,0,0,17,17
ball_14668.jpg,0,0,18,18
ball_13595.jpg,0,0,18,18
ball_5616.jpg,0,0,19,20
ball_13011.jpg,0,0,18,18
ball_5582.jpg,0,0,19,19
ball_14163.jpg,0,0,18,18
ball_15666.jpg,0,0,17,17
ball_16066.jpg,0,0,18,18
ball_5008.jpg,0,0,17,17
ball_15175.jpg,0,0,16,16
ball_13045.jpg,0,0,16,16
ball_13568.jpg,0,0,19,19
ball_14658.jpg,0,0,16,16
ball_12695.jpg,0,0,16,16
ball_962.jpg,0,0,17,20
ball_14314.jpg,0,0,16,16
ball_16443.jpg,0,0,19,19
ball_15728.jpg,0,0,17,17
ball_16470.jpg,0,0,16,16
ball_13268.jpg,0,0,16,16
ball_13757.jpg,0,0,16,16
ball_15549.jpg,0,0,18,18
ball_12591.jpg,0,0,16,16
ball_5644.jpg,0,0,19,19
ball_15344.jpg,0,0,16,16
ball_14299.jpg,0,0,17,17
ball_13358.jpg,0,0,16,16
ball_15378.jpg,0,0,19,19
ball_16457.jpg,0,0,17,17
ball_14526.jpg,0,0,17,17
ball_1038.jpg,0,0,24,20
ball_14382.jpg,0,0,18,18
ball_14150.jpg,0,0,17,17
ball_13254.jpg,0,0,18,18
ball_15648.jpg,0,0,19,19
ball_12687.jpg,0,0,16,16
ball_13572.jpg,0,0,19,19
ball_12782.jpg,0,0,16,16
ball_15579.jpg,0,0,16,16
ball_15195.jpg,0,0,16,16
ball_14290.jpg,0,0,16,16
ball_13143.jpg,0,0,17,17
ball_12682.jpg,0,0,16,16
ball_16085.jpg,0,0,17,17
ball_1924.jpg,0,0,19,26
ball_13000.jpg,0,0,26,26
ball_1672.jpg,0,0,18,23
ball_15363.jpg,0,0,16,16
ball_5638.jpg,0,0,19,20
ball_15924.jpg,0,0,17,17
ball_15336.jpg,0,0,16,16
ball_14663.jpg,0,0,17,17
ball_13765.jpg,0,0,16,16
ball_13997.jpg,0,0,17,17
ball_5738.jpg,0,0,20,21
ball_5542.jpg,0,0,20,19
ball_14937.jpg,0,0,17,17
ball_15562.jpg,0,0,19,19
ball_1056.jpg,0,0,24,25
ball_16257.jpg,0,0,17,17
ball_14709.jpg,0,0,16,16
ball_16274.jpg,0,0,18,18
ball_13269.jpg,0,0,17,17
ball_1628.jpg,0,0,19,17
ball_15919.jpg,0,0,16,16
ball_13006.jpg,0,0,17,17
ball_12663.jpg,0,0,16,16
ball_13179.jpg,0,0,16,16
ball_13573.jpg,0,0,16,16
ball_13142.jpg,0,0,16,16
ball_13240.jpg,0,0,16,16
ball_16076.jpg,0,0,16,16
ball_1062.jpg,0,0,25,22
ball_16262.jpg,0,0,18,18
ball_13722.jpg,0,0,16,16
ball_13245.jpg,0,0,17,17
ball_13029.jpg,0,0,16,16
ball_15541.jpg,0,0,18,18
ball_16248.jpg,0,0,16,16
ball_12565.jpg,0,0,19,19
ball_15189.jpg,0,0,18,18
ball_14544.jpg,0,0,16,16
ball_15920.jpg,0,0,17,17
ball_970.jpg,0,0,20,17
ball_13154.jpg,0,0,16,16
ball_12673.jpg,0,0,16,16
ball_14527.jpg,0,0,18,18
ball_12783.jpg,0,0,17,17
ball_14377.jpg,0,0,17,17
ball_15031.jpg,0,0,17,17
ball_16253.jpg,0,0,17,17
ball_15062.jpg,0,0,16,16
ball_5824.jpg,0,0,18,22
ball_1636.jpg,0,0,21,20
ball_14646.jpg,0,0,16,16
ball_14687.jpg,0,0,16,16
ball_13002.jpg,0,0,17,17
ball_13373.jpg,0,0,16,16
ball_15942.jpg,0,0,19,19
ball_14169.jpg,0,0,16,16
ball_5416.jpg,0,0,16,20
ball_13755.jpg,0,0,18,18
ball_15751.jpg,0,0,16,16
ball_13761.jpg,0,0,16,16
ball_15063.jpg,0,0,16,16
ball_14165.jpg,0,0,16,16
ball_15664.jpg,0,0,19,19
ball_14405.jpg,0,0,16,16
ball_14652.jpg,0,0,18,18
ball_14541.jpg,0,0,16,16
ball_13028.jpg,0,0,19,19
ball_5552.jpg,0,0,19,18
ball_5660.jpg,0,0,20,19
ball_15364.jpg,0,0,17,17
ball_12572.jpg,0,0,16,16
ball_12800.jpg,0,0,18,18
ball_13019.jpg,0,0,18,18
ball_13776.jpg,0,0,19,19
ball_14944.jpg,0,0,16,16
ball_13163.jpg,0,0,17,17
ball_5658.jpg,0,0,19,20
ball_5066.jpg,0,0,21,22
ball_1102.jpg,0,0,26,28
ball_15039.jpg,0,0,17,17
ball_12789.jpg,0,0,19,19
ball_13249.jpg,0,0,17,17
ball_910.jpg,0,0,20,18
ball_5804.jpg,0,0,19,20
ball_13015.jpg,0,0,18,18
ball_15938.jpg,0,0,19,19
ball_13345.jpg,0,0,19,19
ball_15199.jpg,0,0,16,16
ball_16073.jpg,0,0,17,17
ball_14273.jpg,0,0,19,19
ball_5446.jpg,0,0,18,21
ball_936.jpg,0,0,19,18
ball_12655.jpg,0,0,16,16
ball_5048.jpg,0,0,21,22
ball_5464.jpg,0,0,16,22
ball_13773.jpg,0,0,16,16
ball_14932.jpg,0,0,16,16
ball_16265.jpg,0,0,17,17
ball_12508.jpg,0,0,16,16
ball_13746.jpg,0,0,16,16
ball_14300.jpg,0,0,18,18
ball_5626.jpg,0,0,19,21
ball_5556.jpg,0,0,18,21
ball_16476.jpg,0,0,16,16
ball_15551.jpg,0,0,16,16
ball_14308.jpg,0,0,16,16
ball_5424.jpg,0,0,19,20
ball_15169.jpg,0,0,18,18
ball_940.jpg,0,0,17,18
ball_5784.jpg,0,0,18,20
ball_12628.jpg,0,0,16,16
ball_13732.jpg,0,0,18,18
ball_15672.jpg,0,0,16,16
ball_5520.jpg,0,0,20,17
ball_14664.jpg,0,0,18,18
ball_15207.jpg,0,0,16,16
ball_15741.jpg,0,0,18,18
ball_14931.jpg,0,0,19,19
ball_14019.jpg,0,0,19,19
ball_1652.jpg,0,0,21,21
ball_13263.jpg,0,0,19,19
ball_12580.jpg,0,0,16,16
ball_15196.jpg,0,0,17,17
ball_12799.jpg,0,0,17,17
ball_5470.jpg,0,0,16,22
ball_5482.jpg,0,0,16,22
ball_984.jpg,0,0,19,20
ball_14651.jpg,0,0,17,17
ball_13775.jpg,0,0,18,18
ball_12588.jpg,0,0,16,16
ball_13003.jpg,0,0,18,18
ball_16437.jpg,0,0,17,17
ball_13277.jpg,0,0,16,16
ball_12801.jpg,0,0,19,19
ball_12767.jpg,0,0,17,17
ball_14364.jpg,0,0,16,16
ball_13569.jpg,0,0,16,16
ball_15353.jpg,0,0,18,18
ball_1060.jpg,0,0,27,26
ball_13162.jpg,0,0,16,16
ball_13171.jpg,0,0,17,17
ball_14960.jpg,0,0,16,16
ball_14719.jpg,0,0,18,18
ball_15566.jpg,0,0,19,19
ball_5450.jpg,0,0,18,20
ball_15326.jpg,0,0,18,18
ball_994.jpg,0,0,23,19
ball_16070.jpg,0,0,18,18
ball_15385.jpg,0,0,18,18
ball_5776.jpg,0,0,19,21
ball_15303.jpg,0,0,34,34
ball_16439.jpg,0,0,19,19
ball_5816.jpg,0,0,18,21
ball_12515.jpg,0,0,16,16
ball_12516.jpg,0,0,16,16
ball_16282.jpg,0,0,16,16
ball_15367.jpg,0,0,16,16
ball_15953.jpg,0,0,16,16
ball_15946.jpg,0,0,19,19
ball_14158.jpg,0,0,17,17
ball_12765.jpg,0,0,27,27
ball_14949.jpg,0,0,17,17
ball_5754.jpg,0,0,20,21
ball_12794.jpg,0,0,16,16
ball_13037.jpg,0,0,16,16
ball_1034.jpg,0,0,23,23
ball_12648.jpg,0,0,16,16
ball_13042.jpg,0,0,16,16
ball_14688.jpg,0,0,16,16
ball_15304.jpg,0,0,16,16
ball_15023.jpg,0,0,17,17
ball_15563.jpg,0,0,16,16
ball_12589.jpg,0,0,16,16
ball_15037.jpg,0,0,19,19
ball_15395.jpg,0,0,16,16
ball_5050.jpg,0,0,21,22
ball_1140.jpg,0,0,24,21
ball_5686.jpg,0,0,19,19
ball_15757.jpg,0,0,18,18
ball_14675.jpg,0,0,17,17
ball_5474.jpg,0,0,16,22
ball_14543.jpg,0,0,16,16
ball_12523.jpg,0,0,16,16
ball_13769.jpg,0,0,16,16
ball_15388.jpg,0,0,16,16
ball_5768.jpg,0,0,19,20
ball_15060.jpg,0,0,16,16
ball_14028.jpg,0,0,16,16
ball_5640.jpg,0,0,18,21
ball_12626.jpg,0,0,16,16
ball_15327.jpg,0,0,19,19
ball_12669.jpg,0,0,16,16
ball_1922.jpg,0,0,20,25
ball_14148.jpg,0,0,19,19
ball_12579.jpg,0,0,16,16
ball_13600.jpg,0,0,19,19
ball_16251.jpg,0,0,19,19
ball_13270.jpg,0,0,18,18
ball_14718.jpg,0,0,17,17
ball_14025.jpg,0,0,16,16
ball_14962.jpg,0,0,18,18
ball_12512.jpg,0,0,16,16
ball_1026.jpg,0,0,17,21
ball_12569.jpg,0,0,16,16
ball_13044.jpg,0,0,16,16
ball_14707.jpg,0,0,18,18
ball_5564.jpg,0,0,18,19
ball_16462.jpg,0,0,18,18
ball_14160.jpg,0,0,19,19
ball_16438.jpg,0,0,18,18
ball_14703.jpg,0,0,18,18
ball_14008.jpg,0,0,16,16
ball_14538.jpg,0,0,17,17
ball_12685.jpg,0,0,23,23
ball_15043.jpg,0,0,17,17
ball_14284.jpg,0,0,18,18
ball_5596.jpg,0,0,20,20
ball_12693.jpg,0,0,16,16
ball_15382.jpg,0,0,19,19
ball_13726.jpg,0,0,16,16
ball_14733.jpg,0,0,16,16
ball_13001.jpg,0,0,16,16
ball_14715.jpg,0,0,18,18
ball_13585.jpg,0,0,16,16
ball_938.jpg,0,0,20,18
ball_1002.jpg,0,0,22,21
ball_5502.jpg,0,0,20,21
ball_13367.jpg,0,0,16,16
ball_5762.jpg,0,0,21,21
ball_1668.jpg,0,0,19,17
ball_15316.jpg,0,0,16,16
ball_13274.jpg,0,0,16,16
ball_12773.jpg,0,0,19,19
ball_906.jpg,0,0,19,18
ball_5786.jpg,0,0,19,22
ball_16434.jpg,0,0,18,18
ball_14275.jpg,0,0,17,17
ball_15354.jpg,0,0,19,19
ball_12809.jpg,0,0,16,16
ball_15548.jpg,0,0,17,17
ball_14269.jpg,0,0,26,26
ball_12795.jpg,0,0,17,17
ball_1008.jpg,0,0,21,21
ball_986.jpg,0,0,22,19
ball_15581.jpg,0,0,16,16
ball_12520.jpg,0,0,16,16
ball_14948.jpg,0,0,16,16
ball_15335.jpg,0,0,19,19
ball_5650.jpg,0,0,19,21
ball_1936.jpg,0,0,21,24
ball_1144.jpg,0,0,20,17
ball_14737.jpg,0,0,16,16
ball_15312.jpg,0,0,16,16
ball_12702.jpg,0,0,16,16
ball_16285.jpg,0,0,16,16
ball_5580.jpg,0,0,19,20
ball_13582.jpg,0,0,17,17
ball_15192.jpg,0,0,17,17
ball_15307.jpg,0,0,19,19
ball_942.jpg,0,0,17,20
ball_16261.jpg,0,0,17,17
ball_13341.jpg,0,0,19,19
ball_13762.jpg,0,0,17,17
ball_12641.jpg,0,0,16,16
ball_12678.jpg,0,0,16,16
ball_14940.jpg,0,0,16,16
ball_13719.jpg,0,0,17,17
ball_13727.jpg,0,0,17,17
ball_13736.jpg,0,0,18,18
ball_5068.jpg,0,0,21,22
ball_13022.jpg,0,0,17,17
ball_15042.jpg,0,0,16,16
ball_16447.jpg,0,0,19,19
ball_13733.jpg,0,0,19,19
ball_13038.jpg,0,0,16,16
ball_16079.jpg,0,0,19,19
ball_5780.jpg,0,0,19,21
ball_13013.jpg,0,0,16,16
ball_15763.jpg,0,0,16,16
ball_5060.jpg,0,0,21,22
ball_5046.jpg,0,0,21,22
ball_13720.jpg,0,0,18,18
ball_1650.jpg,0,0,21,20
ball_15646.jpg,0,0,17,17
ball_14313.jpg,0,0,16,16
ball_14371.jpg,0,0,19,19
ball_13594.jpg,0,0,17,17
ball_1052.jpg,0,0,24,22
ball_5054.jpg,0,0,21,22
ball_12578.jpg,0,0,16,16
ball_13742.jpg,0,0,16,16
ball_1952.jpg,0,0,19,25
ball_992.jpg,0,0,20,21
ball_14539.jpg,0,0,18,18
ball_5690.jpg,0,0,19,20
ball_14015.jpg,0,0,19,19
ball_982.jpg,0,0,19,19
ball_12592.jpg,0,0,16,16
ball_14013.jpg,0,0,17,17
ball_15180.jpg,0,0,17,17
ball_13149.jpg,0,0,19,19
ball_15957.jpg,0,0,16,16
ball_15359.jpg,0,0,16,16
ball_16067.jpg,0,0,19,19
ball_15557.jpg,0,0,18,18
ball_13256.jpg,0,0,16,16
ball_12703.jpg,0,0,16,16
ball_966.jpg,0,0,20,19
ball_14716.jpg,0,0,19,19
ball_15644.jpg,0,0,19,19
ball_5538.jpg,0,0,19,19
ball_5574.jpg,0,0,20,21
ball_15583.jpg,0,0,16,16
ball_14958.jpg,0,0,18,18
ball_12674.jpg,0,0,16,16
ball_15759.jpg,0,0,16,16
ball_14679.jpg,0,0,17,17
ball_16456.jpg,0,0,16,16
ball_12566.jpg,0,0,16,16
ball_14378.jpg,0,0,18,18
ball_13353.jpg,0,0,19,19
ball_14309.jpg,0,0,16,16
ball_14521.jpg,0,0,16,16
ball_13271.jpg,0,0,19,19
ball_12654.jpg,0,0,16,16
ball_13777.jpg,0,0,16,16
ball_5624.jpg,0,0,20,20
ball_15041.jpg,0,0,19,19
ball_14379.jpg,0,0,19,19
ball_978.jpg,0,0,21,17
ball_1656.jpg,0,0,21,20
ball_13770.jpg,0,0,17,17
ball_15184.jpg,0,0,17,17
ball_5802.jpg,0,0,18,19
ball_15550.jpg,0,0,19,19
ball_13151.jpg,0,0,17,17
ball_15571.jpg,0,0,16,16
ball_16083.jpg,0,0,19,19
ball_5438.jpg,0,0,19,21
ball_5562.jpg,0,0,17,21
ball_15373.jpg,0,0,18,18
ball_16245.jpg,0,0,17,17
ball_13248.jpg,0,0,16,16
ball_15660.jpg,0,0,19,19
ball_14399.jpg,0,0,19,19
ball_14278.jpg,0,0,16,16
ball_16256.jpg,0,0,16,16
ball_1096.jpg,0,0,26,29
ball_14710.jpg,0,0,17,17
ball_15051.jpg,0,0,17,17
ball_16080.jpg,0,0,16,16
ball_15377.jpg,0,0,18,18
ball_13362.jpg,0,0,16,16
ball_14002.jpg,0,0,18,18
ball_5034.jpg,0,0,21,22
ball_14647.jpg,0,0,17,17
ball_14171.jpg,0,0,16,16
ball_5718.jpg,0,0,19,21
ball_14306.jpg,0,0,16,16
ball_13987.jpg,0,0,22,23
ball_13030.jpg,0,0,17,17
ball_13598.jpg,0,0,17,17
ball_15758.jpg,0,0,19,19
ball_14271.jpg,0,0,17,17
ball_12634.jpg,0,0,16,16
ball_16287.jpg,0,0,16,16
ball_5436.jpg,0,0,18,21
ball_13578.jpg,0,0,17,17
ball_16258.jpg,0,0,18,18
ball_12651.jpg,0,0,16,16
ball_5440.jpg,0,0,19,20
ball_13735.jpg,0,0,17,17
ball_14696.jpg,0,0,19,19
ball_14291.jpg,0,0,17,17
ball_12671.jpg,0,0,16,16
ball_12585.jpg,0,0,29,30
ball_16279.jpg,0,0,19,19
ball_15374.jpg,0,0,19,19
ball_5632.jpg,0,0,19,21
ball_16278.jpg,0,0,18,18
ball_14392.jpg,0,0,16,16
ball_13741.jpg,0,0,19,19
ball_5808.jpg,0,0,18,19
ball_1078.jpg,0,0,22,24
ball_13710.jpg,0,0,16,16
ball_14532.jpg,0,0,19,19
ball_13333.jpg,0,0,19,19
ball_13348.jpg,0,0,18,18
ball_5422.jpg,0,0,18,20
ball_16090.jpg,0,0,18,18
ball_13350.jpg,0,0,16,16
ball_15740.jpg,0,0,17,17
ball_5806.jpg,0,0,19,21
ball_12506.jpg,0,0,16,16
ball_12649.jpg,0,0,16,16
ball_12686.jpg,0,0,16,16
ball_15321.jpg,0,0,17,17
ball_16072.jpg,0,0,16,16
ball_14009.jpg,0,0,17,17
ball_13331.jpg,0,0,17,17
ball_16246.jpg,0,0,18,18
ball_15186.jpg,0,0,19,19
ball_15047.jpg,0,0,17,17
ball_14310.jpg,0,0,16,16
ball_5770.jpg,0,0,20,21
ball_16069.jpg,0,0,17,17
ball_15065.jpg,0,0,16,16
ball_12510.jpg,0,0,16,16
ball_15538.jpg,0,0,26,26
ball_13180.jpg,0,0,16,16
ball_14288.jpg,0,0,18,18
ball_14365.jpg,0,0,17,17
ball_1934.jpg,0,0,20,24
ball_15066.jpg,0,0,16,16
ball_5472.jpg,0,0,16,22
ball_15059.jpg,0,0,16,16
ball_16091.jpg,0,0,19,19
ball_15306.jpg,0,0,18,18
ball_14170.jpg,0,0,16,16
ball_14954.jpg,0,0,18,18
ball_13012.jpg,0,0,19,19
ball_12511.jpg,0,0,16,16
ball_5828.jpg,0,0,18,22
ball_15632.jpg,0,0,32,32
ball_14970.jpg,0,0,16,16
ball_12601.jpg,0,0,16,16
ball_1032.jpg,0,0,22,24
ball_14927.jpg,0,0,27,27
ball_12653.jpg,0,0,16,16
ball_5812.jpg,0,0,18,20
ball_13721.jpg,0,0,19,19
ball_15650.jpg,0,0,17,17
ball_1006.jpg,0,0,22,21
ball_15343.jpg,0,0,16,16
ball_14389.jpg,0,0,17,17
ball_14682.jpg,0,0,16,16
ball_13718.jpg,0,0,16,16
ball_13767.jpg,0,0,18,18
ball_14517.jpg,0,0,16,16
ball_15332.jpg,0,0,16,16
ball_1050.jpg,0,0,25,23
ball_13329.jpg,0,0,28,28
ball_13159.jpg,0,0,17,17
ball_13342.jpg,0,0,16,16
ball_12635.jpg,0,0,16,16
ball_5826.jpg,0,0,18,21
ball_5810.jpg,0,0,19,22
ball_16057.jpg,0,0,17,17
ball_13609.jpg,0,0,16,16
ball_14672.jpg,0,0,18,18
ball_13764.jpg,0,0,19,19
ball_13280.jpg,0,0,16,16
ball_12808.jpg,0,0,16,16
ball_15325.jpg,0,0,17,17
ball_14149.jpg,0,0,16,16
ball_12652.jpg,0,0,16,16
ball_16467.jpg,0,0,19,19
ball_13144.jpg,0,0,18,18
ball_16450.jpg,0,0,18,18
ball_13791.jpg,0,0,16,16
ball_15198.jpg,0,0,19,19
ball_5006.jpg,0,0,18,17
ball_14712.jpg,0,0,19,19
ball_13763.jpg,0,0,18,18
ball_14514.jpg,0,0,17,17
ball_1920.jpg,0,0,20,25
ball_13605.jpg,0,0,16,16
ball_14945.jpg,0,0,17,17
ball_14513.jpg,0,0,16,16
ball_13730.jpg,0,0,16,16
ball_15937.jpg,0,0,18,18
ball_13336.jpg,0,0,18,18
ball_932.jpg,0,0,18,20
ball_13739.jpg,0,0,17,17
ball_13567.jpg,0,0,18,18
ball_5716.jpg,0,0,18,20
ball_13759.jpg,0,0,18,18
ball_15351.jpg,0,0,16,16
ball_13260.jpg,0,0,16,16
ball_12567.jpg,0,0,16,16
ball_5460.jpg,0,0,16,22
ball_14708.jpg,0,0,19,19
ball_13360.jpg,0,0,18,18
ball_13740.jpg,0,0,18,18
ball_5584.jpg,0,0,19,21
ball_12638.jpg,0,0,16,16
ball_14010.jpg,0,0,18,18
ball_12677.jpg,0,0,16,16
ball_14021.jpg,0,0,17,17
ball_13994.jpg,0,0,18,18
ball_15729.jpg,0,0,18,18
ball_16086.jpg,0,0,18,18
ball_15361.jpg,0,0,18,18
ball_15654.jpg,0,0,17,17
ball_13170.jpg,0,0,16,16
ball_15931.jpg,0,0,16,16
ball_13584.jpg,0,0,19,19
ball_14384.jpg,0,0,16,16
ball_14152.jpg,0,0,19,19
ball_15767.jpg,0,0,16,16
ball_5792.jpg,0,0,19,21
ball_13789.jpg,0,0,16,16
ball_1630.jpg,0,0,19,17
ball_16095.jpg,0,0,16,16
ball_13183.jpg,0,0,16,16
ball_16451.jpg,0,0,19,19
ball_12573.jpg,0,0,16,16
ball_15637.jpg,0,0,16,16
ball_5794.jpg,0,0,20,20
ball_12595.jpg,0,0,16,16
ball_15736.jpg,0,0,17,17
ball_13152.jpg,0,0,18,18
ball_13008.jpg,0,0,19,19
ball_13153.jpg,0,0,19,19
ball_14717.jpg,0,0,16,16
ball_13267.jpg,0,0,19,19
ball_5486.jpg,0,0,16,22
ball_12570.jpg,0,0,16,16
ball_12576.jpg,0,0,16,16
ball_15029.jpg,0,0,19,19
ball_13243.jpg,0,0,19,19
ball_14006.jpg,0,0,18,18
ball_13372.jpg,0,0,16,16
ball_14518.jpg,0,0,17,17
ball_16268.jpg,0,0,16,16
ball_13035.jpg,0,0,18,18
ball_15948.jpg,0,0,17,17
ball_14735.jpg,0,0,16,16
ball_15950.jpg,0,0,19,19
ball_15393.jpg,0,0,16,16
ball_13795.jpg,0,0,16,16
ball_14128.jpg,0,0,25,25
ball_5772.jpg,0,0,20,20
ball_15022.jpg,0,0,16,16
ball_14957.jpg,0,0,17,17
ball_5662.jpg,0,0,21,20
ball_5026.jpg,0,0,21,22
ball_13364.jpg,0,0,18,18
ball_15036.jpg,0,0,18,18
ball_15190.jpg,0,0,19,19
ball_15330.jpg,0,0,18,18
ball_15659.jpg,0,0,18,18
ball_16288.jpg,0,0,16,16
ball_13782.jpg,0,0,17,17
ball_16431.jpg,0,0,26,26
ball_15676.jpg,0,0,16,16
ball_13713.jpg,0,0,19,19
ball_16059.jpg,0,0,19,19
ball_13792.jpg,0,0,16,16
ball_14713.jpg,0,0,16,16
ball_13351.jpg,0,0,17,17
ball_5576.jpg,0,0,19,20
ball_13145.jpg,0,0,19,19
ball_13261.jpg,0,0,17,17
ball_13265.jpg,0,0,17,17
ball_15949.jpg,0,0,18,18
ball_15370.jpg,0,0,19,19
ball_14929.jpg,0,0,17,17
ball_14140.jpg,0,0,19,19
ball_15738.jpg,0,0,19,19
ball_15762.jpg,0,0,19,19
ball_16464.jpg,0,0,16,16
ball_4996.jpg,0,0,17,18
ball_15634.jpg,0,0,17,17
ball_5500.jpg,0,0,16,22
ball_16098.jpg,0,0,16,16
ball_15543.jpg,0,0,16,16
ball_5430.jpg,0,0,19,19
ball_15673.jpg,0,0,16,16
ball_15636.jpg,0,0,19,19
ball_13705.jpg,0,0,26,26
ball_13186.jpg,0,0,16,16
ball_14731.jpg,0,0,16,16
ball_5426.jpg,0,0,19,19
ball_14505.jpg,0,0,16,16
ball_12656.jpg,0,0,16,16
ball_15371.jpg,0,0,16,16
ball_5646.jpg,0,0,19,21
ball_15918.jpg,0,0,19,19
ball_15945.jpg,0,0,18,18
ball_13575.jpg,0,0,18,18
ball_14729.jpg,0,0,16,16
ball_5032.jpg,0,0,21,22
ball_13032.jpg,0,0,19,19
ball_14961.jpg,0,0,17,17
ball_13361.jpg,0,0,19,19
ball_13021.jpg,0,0,16,16
ball_12796.jpg,0,0,18,18
ball_5758.jpg,0,0,20,19
ball_14168.jpg,0,0,16,16
ball_13259.jpg,0,0,19,19
ball_1954.jpg,0,0,19,24
ball_1678.jpg,0,0,18,23
ball_13725.jpg,0,0,19,19
ball_13354.jpg,0,0,16,16
ball_14528.jpg,0,0,19,19
ball_14142.jpg,0,0,17,17
ball_5442.jpg,0,0,19,21
ball_15357.jpg,0,0,18,18
ball_12645.jpg,0,0,24,24
ball_13708.jpg,0,0,18,18
ball_16260.jpg,0,0,16,16
ball_15368.jpg,0,0,17,17
ball_13737.jpg,0,0,19,19
ball_5706.jpg,0,0,18,20
ball_15955.jpg,0,0,16,16
ball_15573.jpg,0,0,18,18
ball_14695.jpg,0,0,18,18
ball_12790.jpg,0,0,16,16
ball_13335.jpg,0,0,17,17
ball_5454.jpg,0,0,18,21
ball_14734.jpg,0,0,16,16
ball_13370.jpg,0,0,16,16
ball_13780.jpg,0,0,19,19
ball_14406.jpg,0,0,16,16
ball_1014.jpg,0,0,23,20
ball_5790.jpg,0,0,18,21
ball_13604.jpg,0,0,16,16
ball_5748.jpg,0,0,20,20
ball_13579.jpg,0,0,18,18
ball_13597.jpg,0,0,16,16
ball_16465.jpg,0,0,17,17
ball_16255.jpg,0,0,19,19
ball_13275.jpg,0,0,16,16
ball_5708.jpg,0,0,21,20
ball_1018.jpg,0,0,16,20
ball_14952.jpg,0,0,16,16
ball_5428.jpg,0,0,19,19
ball_12688.jpg,0,0,16,16
ball_14645.jpg,0,0,32,32
ball_14135.jpg,0,0,18,18
ball_13706.jpg,0,0,16,16
ball_15753.jpg,0,0,18,18
ball_1016.jpg,0,0,18,20
ball_13238.jpg,0,0,18,18
ball_5462.jpg,0,0,16,22
ball_12598.jpg,0,0,16,16
ball_5774.jpg,0,0,19,21
ball_12568.jpg,0,0,16,16
ball_15558.jpg,0,0,19,19
ball_13368.jpg,0,0,16,16
ball_13147.jpg,0,0,17,17
ball_13024.jpg,0,0,19,19
ball_13786.jpg,0,0,17,17
ball_13346.jpg,0,0,16,16
ball_5604.jpg,0,0,20,20
ball_12577.jpg,0,0,16,16
ball_16453.jpg,0,0,17,17
ball_14690.jpg,0,0,16,16
ball_14003.jpg,0,0,19,19
ball_13602.jpg,0,0,16,16
ball_13252.jpg,0,0,16,16
ball_16056.jpg,0,0,16,16
ball_15928.jpg,0,0,17,17
ball_13745.jpg,0,0,16,16
ball_5544.jpg,0,0,19,19
ball_13146.jpg,0,0,16,16
ball_14295.jpg,0,0,17,17
ball_950.jpg,0,0,18,17
ball_1612.jpg,0,0,20,22
ball_14653.jpg,0,0,19,19
ball_1090.jpg,0,0,24,26
ball_14670.jpg,0,0,16,16
ball_5676.jpg,0,0,21,19
ball_972.jpg,0,0,19,18
ball_15328.jpg,0,0,16,16
ball_1658.jpg,0,0,19,20
ball_13793.jpg,0,0,16,16
ball_5056.jpg,0,0,21,22
ball_1940.jpg,0,0,19,25
ball_5016.jpg,0,0,18,20
ball_14393.jpg,0,0,17,17
ball_14153.jpg,0,0,16,16
ball_15178.jpg,0,0,19,19
ball_974.jpg,0,0,20,19
ball_13993.jpg,0,0,17,17
ball_14928.jpg,0,0,16,16
ball_13334.jpg,0,0,16,16
ball_13181.jpg,0,0,16,16
ball_5702.jpg,0,0,19,21
ball_1010.jpg,0,0,23,20
ball_1134.jpg,0,0,27,23
ball_12805.jpg,0,0,16,16
ball_14370.jpg,0,0,18,18
ball_15932.jpg,0,0,17,17
ball_15387.jpg,0,0,16,16
ball_14934.jpg,0,0,18,18
ball_14689.jpg,0,0,16,16
ball_5044.jpg,0,0,21,22
ball_15362.jpg,0,0,19,19
ball_14398.jpg,0,0,18,18
ball_12660.jpg,0,0,16,16
ball_13601.jpg,0,0,16,16
ball_15652.jpg,0,0,19,19
ball_14536.jpg,0,0,19,19
ball_14711.jpg,0,0,18,18
ball_14655.jpg,0,0,17,17
ball_14373.jpg,0,0,17,17
ball_1022.jpg,0,0,19,22
ball_15165.jpg,0,0,18,18
ball_15745.jpg,0,0,18,18
ball_12697.jpg,0,0,16,16
ball_5568.jpg,0,0,18,19
ball_13750.jpg,0,0,16,16
ball_15554.jpg,0,0,19,19
ball_15205.jpg,0,0,16,16
ball_13772.jpg,0,0,19,19
ball_15360.jpg,0,0,17,17
ball_16463.jpg,0,0,19,19
ball_12603.jpg,0,0,16,16
ball_1928.jpg,0,0,21,25
ball_13608.jpg,0,0,16,16
ball_15556.jpg,0,0,17,17
ball_15162.jpg,0,0,23,23
ball_14372.jpg,0,0,16,16
ball_14533.jpg,0,0,16,16
ball_13244.jpg,0,0,16,16
ball_13337.jpg,0,0,19,19
ball_16440.jpg,0,0,16,16
ball_14674.jpg,0,0,16,16
ball_15046.jpg,0,0,16,16
ball_15163.jpg,0,0,16,16
ball_14138.jpg,0,0,17,17
ball_12661.jpg,0,0,16,16
ball_13752.jpg,0,0,28,28
ball_15635.jpg,0,0,18,18
ball_5744.jpg,0,0,19,20
ball_12680.jpg,0,0,16,16
ball_14136.jpg,0,0,19,19
ball_14938.jpg,0,0,18,18
ball_5610.jpg,0,0,19,20
ball_16084.jpg,0,0,16,16
ball_16068.jpg,0,0,16,16
ball_5036.jpg,0,0,21,22
ball_13990.jpg,0,0,18,18
ball_13276.jpg,0,0,16,16
ball_16269.jpg,0,0,17,17
ball_14723.jpg,0,0,18,18
ball_16244.jpg,0,0,16,16
ball_13173.jpg,0,0,19,19
ball_13995.jpg,0,0,19,19
ball_5504.jpg,0,0,16,20
ball_15329.jpg,0,0,17,17
ball_5608.jpg,0,0,20,19
ball_13239.jpg,0,0,19,19
ball_14520.jpg,0,0,19,19
ball_12666.jpg,0,0,16,16
ball_5746.jpg,0,0,20,21
ball_16276.jpg,0,0,16,16
ball_15668.jpg,0,0,19,19
ball_13781.jpg,0,0,16,16
ball_15356.jpg,0,0,17,17
ball_980.jpg,0,0,19,18
ball_14681.jpg,0,0,19,19
ball_16058.jpg,0,0,18,18
ball_5698.jpg,0,0,19,20
ball_14971.jpg,0,0,16,16
ball_5636.jpg,0,0,19,21
ball_14276.jpg,0,0,18,18
ball_12642.jpg,0,0,16,16
ball_15743.jpg,0,0,16,16
ball_5740.jpg,0,0,20,21
ball_5522.jpg,0,0,20,16
ball_14506.jpg,0,0,17,17
ball_1086.jpg,0,0,22,26
ball_13779.jpg,0,0,18,18
ball_5078.jpg,0,0,21,22
ball_14368.jpg,0,0,16,16
ball_14950.jpg,0,0,18,18
ball_5508.jpg,0,0,16,22
ball_12778.jpg,0,0,16,16
ball_1040.jpg,0,0,21,21
ball_12802.jpg,0,0,16,16
ball_15944.jpg,0,0,17,17
ball_13156.jpg,0,0,18,18
ball_15394.jpg,0,0,16,16
ball_13768.jpg,0,0,19,19
ball_5496.jpg,0,0,16,22
ball_5722.jpg,0,0,20,21
ball_15934.jpg,0,0,19,19
ball_15182.jpg,0,0,19,19
ball_13581.jpg,0,0,16,16
ball_12775.jpg,0,0,17,17
ball_5732.jpg,0,0,19,19
ball_5058.jpg,0,0,21,22
ball_1020.jpg,0,0,21,22
ball_5448.jpg,0,0,18,20
ball_15582.jpg,0,0,16,16
ball_1632.jpg,0,0,21,19
ball_14004.jpg,0,0,16,16
ball_13743.jpg,0,0,16,16
ball_13778.jpg,0,0,17,17
ball_12788.jpg,0,0,18,18
ball_1948.jpg,0,0,20,25
ball_16062.jpg,0,0,18,18
ball_5514.jpg,0,0,20,18
ball_14296.jpg,0,0,18,18
ball_14959.jpg,0,0,19,19
ball_15331.jpg,0,0,19,19
ball_12521.jpg,0,0,16,16
ball_14542.jpg,0,0,16,16
ball_13606.jpg,0,0,16,16
ball_13359.jpg,0,0,17,17
ball_14966.jpg,0,0,16,16
ball_13174.jpg,0,0,16,16
ball_926.jpg,0,0,19,18
ball_16445.jpg,0,0,17,17
ball_13729.jpg,0,0,19,19
ball_14144.jpg,0,0,19,19
ball_15754.jpg,0,0,19,19
ball_14285.jpg,0,0,19,19
ball_5672.jpg,0,0,21,22
ball_14700.jpg,0,0,19,19
ball_5484.jpg,0,0,16,22
ball_13586.jpg,0,0,17,17
ball_15564.jpg,0,0,17,17
ball_12594.jpg,0,0,16,16
ball_13758.jpg,0,0,17,17
ball_14953.jpg,0,0,17,17
ball_15761.jpg,0,0,18,18
ball_16471.jpg,0,0,16,16
ball_16061.jpg,0,0,17,17
ball_15032.jpg,0,0,18,18
ball_13004.jpg,0,0,19,19
ball_908.jpg,0,0,21,20
ball_5798.jpg,0,0,19,21
ball_12770.jpg,0,0,16,16
ball_1012.jpg,0,0,18,20
ball_15174.jpg,0,0,19,19
ball_1036.jpg,0,0,23,22
ball_15766.jpg,0,0,16,16
ball_14027.jpg,0,0,16,16
ball_12659.jpg,0,0,16,16
ball_15055.jpg,0,0,17,17
ball_16094.jpg,0,0,16,16
ball_15317.jpg,0,0,17,17
ball_12587.jpg,0,0,16,16
ball_13711.jpg,0,0,17,17
ball_15049.jpg,0,0,19,19
ball_15926.jpg,0,0,19,19
ball_15386.jpg,0,0,19,19
ball_1644.jpg,0,0,20,18
ball_16446.jpg,0,0,18,18
ball_15638.jpg,0,0,17,17
ball_12632.jpg,0,0,16,16
ball_14943.jpg,0,0,19,19
ball_15936.jpg,0,0,17,17
ball_14161.jpg,0,0,16,16
ball_13570.jpg,0,0,17,17
ball_14509.jpg,0,0,16,16
ball_14965.jpg,0,0,16,16
ball_14693.jpg,0,0,16,16
ball_16267.jpg,0,0,19,19
ball_4994.jpg,0,0,18,18
ball_14540.jpg,0,0,19,19
ball_12768.jpg,0,0,18,18
ball_15575.jpg,0,0,16,16
ball_1068.jpg,0,0,21,26
ball_13251.jpg,0,0,19,19
ball_13748.jpg,0,0,16,16
ball_14939.jpg,0,0,19,19
ball_14133.jpg,0,0,16,16
ball_1610.jpg,0,0,19,17
ball_5602.jpg,0,0,20,22
ball_14946.jpg,0,0,18,18
ball_16472.jpg,0,0,16,16
ball_5536.jpg,0,0,19,19
ball_13709.jpg,0,0,19,19
ball_14129.jpg,0,0,16,16
ball_16077.jpg,0,0,17,17
ball_14407.jpg,0,0,16,16
ball_12701.jpg,0,0,16,16
ball_13599.jpg,0,0,18,18
ball_14685.jpg,0,0,16,16
ball_5456.jpg,0,0,16,22
ball_14390.jpg,0,0,18,18
ball_12683.jpg,0,0,16,16
ball_12675.jpg,0,0,16,16
ball_15746.jpg,0,0,19,19
ball_1092.jpg,0,0,25,31
ball_15391.jpg,0,0,16,16
ball_13796.jpg,0,0,16,16
ball_13167.jpg,0,0,17,17
ball_14535.jpg,0,0,18,18
ball_14014.jpg,0,0,18,18
ball_13357.jpg,0,0,19,19
ball_1660.jpg,0,0,19,18
ball_15670.jpg,0,0,16,16
ball_5062.jpg,0,0,21,22
ball_16092.jpg,0,0,16,16
ball_14277.jpg,0,0,19,19
ball_13566.jpg,0,0,17,17
ball_15167.jpg,0,0,16,16
ball_5682.jpg,0,0,18,19
ball_15651.jpg,0,0,18,18
ball_14522.jpg,0,0,17,17
ball_5570.jpg,0,0,19,21
ball_944.jpg,0,0,17,16
ball_5766.jpg,0,0,20,21
ball_1074.jpg,0,0,22,27
ball_14519.jpg,0,0,18,18
ball_13728.jpg,0,0,18,18
ball_16436.jpg,0,0,16,16
ball_15540.jpg,0,0,17,17
ball_12769.jpg,0,0,19,19
ball_15726.jpg,0,0,36,36
ball_15021.jpg,0,0,28,28
ball_13148.jpg,0,0,18,18
ball_13272.jpg,0,0,16,16
ball_912.jpg,0,0,18,17
ball_13161.jpg,0,0,19,19
ball_14301.jpg,0,0,19,19
ball_14936.jpg,0,0,16,16
ball_14402.jpg,0,0,16,16
ball_1070.jpg,0,0,23,22
ball_13241.jpg,0,0,17,17
ball_5024.jpg,0,0,18,18
ball_14279.jpg,0,0,17,17
ball_14660.jpg,0,0,18,18
ball_13010.jpg,0,0,17,17
ball_14725.jpg,0,0,16,16
ball_964.jpg,0,0,18,17
ball_15544.jpg,0,0,17,17
ball_12672.jpg,0,0,16,16
ball_12797.jpg,0,0,19,19
ball_15322.jpg,0,0,18,18
ball_12772.jpg,0,0,18,18
ball_14154.jpg,0,0,17,17
ball_14683.jpg,0,0,16,16
ball_16252.jpg,0,0,16,16
ball_14730.jpg,0,0,16,16
ball_5458.jpg,0,0,16,22
ball_998.jpg,0,0,22,20
ball_5712.jpg,0,0,19,20
ball_5600.jpg,0,0,19,20
ball_5566.jpg,0,0,18,22
ball_5734.jpg,0,0,20,20
ball_13250.jpg,0,0,18,18
ball_5830.jpg,0,0,19,21
ball_15560.jpg,0,0,17,17
ball_5452.jpg,0,0,16,22
ball_1112.jpg,0,0,25,30
ball_14648.jpg,0,0,18,18
ball_5684.jpg,0,0,19,20
ball_13246.jpg,0,0,18,18
ball_5028.jpg,0,0,21,22
ball_14404.jpg,0,0,16,16
ball_13166.jpg,0,0,16,16
ball_15748.jpg,0,0,17,17
ball_14311.jpg,0,0,16,16
ball_13349.jpg,0,0,19,19
ball_5000.jpg,0,0,18,20
ball_15202.jpg,0,0,16,16
ball_14386.jpg,0,0,18,18
ball_13723.jpg,0,0,17,17
ball_5832.jpg,0,0,18,22
ball_1944.jpg,0,0,19,25
ball_976.jpg,0,0,20,21
ball_928.jpg,0,0,20,17
ball_15653.jpg,0,0,16,16
ball_1094.jpg,0,0,27,26
ball_14666.jpg,0,0,16,16
ball_13790.jpg,0,0,16,16
ball_16063.jpg,0,0,19,19
ball_15380.jpg,0,0,17,17
ball_5796.jpg,0,0,19,21
ball_13785.jpg,0,0,16,16
ball_12636.jpg,0,0,16,16
ball_5480.jpg,0,0,16,22
ball_14376.jpg,0,0,16,16
ball_14515.jpg,0,0,18,18
ball_13355.jpg,0,0,17,17
ball_13365.jpg,0,0,19,19
ball_5642.jpg,0,0,18,21
ball_15337.jpg,0,0,17,17
ball_14383.jpg,0,0,19,19
ball_14137.jpg,0,0,16,16
ball_15916.jpg,0,0,17,17
ball_15734.jpg,0,0,19,19
ball_13760.jpg,0,0,19,19
ball_14391.jpg,0,0,19,19
ball_14702.jpg,0,0,17,17
ball_1640.jpg,0,0,20,21
ball_15034.jpg,0,0,16,16
ball_15197.jpg,0,0,18,18
ball_14510.jpg,0,0,17,17
ball_14678.jpg,0,0,16,16
ball_14649.jpg,0,0,19,19
ball_1676.jpg,0,0,18,23
ball_15372.jpg,0,0,17,17
ball_5750.jpg,0,0,20,19
ball_15044.jpg,0,0,18,18
ball_16060.jpg,0,0,16,16
ball_16243.jpg,0,0,25,25
ball_5072.jpg,0,0,21,22
ball_12662.jpg,0,0,16,16
ball_14656.jpg,0,0,18,18
ball_13712.jpg,0,0,18,18
ball_14680.jpg,0,0,18,18
ball_1048.jpg,0,0,24,22
ball_14151.jpg,0,0,18,18
ball_13041.jpg,0,0,16,16
ball_16441.jpg,0,0,17,17
ball_5420.jpg,0,0,19,21
ball_916.jpg,0,0,18,19
ball_16280.jpg,0,0,16,16
ball_914.jpg,0,0,16,18
ball_15669.jpg,0,0,16,16
ball_15347.jpg,0,0,16,16
ball_15917.jpg,0,0,18,18
ball_15358.jpg,0,0,19,19
ball_13787.jpg,0,0,18,18
ball_5670.jpg,0,0,20,20
ball_13017.jpg,0,0,16,16
ball_15315.jpg,0,0,19,19
ball_5070.jpg,0,0,21,22
ball_5554.jpg,0,0,19,20
ball_13014.jpg,0,0,17,17
ball_15204.jpg,0,0,16,16
ball_1608.jpg,0,0,20,22
ball_15384.jpg,0,0,17,17
ball_5760.jpg,0,0,20,20
ball_12776.jpg,0,0,18,18
ball_5012.jpg,0,0,18,19
ball_5528.jpg,0,0,20,17
ball_15383.jpg,0,0,16,16
ball_5678.jpg,0,0,21,20
ball_1670.jpg,0,0,21,21
ball_13565.jpg,0,0,16,16
ball_16082.jpg,0,0,18,18
ball_13340.jpg,0,0,18,18
ball_14724.jpg,0,0,19,19
ball_16433.jpg,0,0,17,17
ball_15641.jpg,0,0,16,16
