ball_13527.jpg,0,0,17,17
ball_15811.jpg,0,0,16,16
ball_13561.jpg,0,0,16,16
ball_13190.jpg,0,0,17,17
ball_4192.jpg,0,0,18,19
ball_14239.jpg,0,0,16,16
ball_16428.jpg,0,0,16,16
ball_14607.jpg,0,0,16,16
ball_14478.jpg,0,0,16,16
ball_15522.jpg,0,0,18,17
ball_12849.jpg,0,0,16,16
ball_15615.jpg,0,0,17,17
ball_14977.jpg,0,0,18,18
ball_14599.jpg,0,0,16,16
ball_13825.jpg,0,0,17,17
ball_14413.jpg,0,0,18,18
ball_15139.jpg,0,0,14,15
ball_15814.jpg,0,0,16,16
ball_7698.jpg,0,0,18,20
ball_14410.jpg,0,0,26,26
ball_13675.jpg,0,0,16,16
ball_4182.jpg,0,0,16,19
ball_16040.jpg,0,0,19,18
ball_14884.jpg,0,0,19,19
ball_16156.jpg,0,0,18,18
ball_4194.jpg,0,0,17,20
ball_15586.jpg,0,0,16,16
ball_16028.jpg,0,0,19,19
ball_13801.jpg,0,0,17,17
ball_16391.jpg,0,0,18,18
ball_4318.jpg,0,0,18,21
ball_7728.jpg,0,0,18,19
ball_15276.jpg,0,0,19,19
ball_7650.jpg,0,0,18,19
ball_16155.jpg,0,0,17,17
ball_13806.jpg,0,0,18,18
ball_15818.jpg,0,0,16,16
ball_7602.jpg,0,0,19,20
ball_13522.jpg,0,0,16,16
ball_15461.jpg,0,0,16,16
ball_15473.jpg,0,0,16,16
ball_14924.jpg,0,0,16,16
ball_16407.jpg,0,0,18,18
ball_14121.jpg,0,0,16,16
ball_15018.jpg,0,0,16,16
ball_13081.jpg,0,0,17,17
ball_4236.jpg,0,0,19,18
ball_14419.jpg,0,0,16,16
ball_13844.jpg,0,0,16,16
ball_7684.jpg,0,0,18,20
ball_12455.jpg,0,0,16,16
ball_14922.jpg,0,0,16,16
ball_15799.jpg,0,0,17,17
ball_12824.jpg,0,0,18,19
ball_14995.jpg,0,0,16,16
ball_13552.jpg,0,0,18,18
ball_16033.jpg,0,0,16,16
ball_15906.jpg,0,0,16,16
ball_14441.jpg,0,0,18,18
ball_15143.jpg,0,0,16,14
ball_15265.jpg,0,0,16,16
ball_16169.jpg,0,0,19,19
ball_7638.jpg,0,0,18,18
ball_15815.jpg,0,0,16,16
ball_15506.jpg,0,0,18,18
ball_14482.jpg,0,0,16,16
ball_15773.jpg,0,0,30,30
ball_13983.jpg,0,0,16,16
ball_14915.jpg,0,0,18,18
ball_16426.jpg,0,0,16,16
ball_7592.jpg,0,0,19,18
ball_13218.jpg,0,0,17,17
ball_13971.jpg,0,0,18,18
ball_12547.jpg,0,0,16,16
ball_15885.jpg,0,0,17,17
ball_13228.jpg,0,0,16,16
ball_13694.jpg,0,0,19,19
ball_14901.jpg,0,0,16,16
ball_13222.jpg,0,0,17,17
ball_15012.jpg,0,0,16,16
ball_12430.jpg,0,0,16,16
ball_15465.jpg,0,0,16,16
ball_13210.jpg,0,0,17,17
ball_12433.jpg,0,0,16,16
ball_7704.jpg,0,0,18,21
ball_15879.jpg,0,0,19,19
ball_4376.jpg,0,0,19,18
ball_16325.jpg,0,0,18,18
ball_4286.jpg,0,0,18,20
ball_13083.jpg,0,0,19,19
ball_13965.jpg,0,0,16,16
ball_4252.jpg,0,0,18,20
ball_12434.jpg,0,0,16,16
ball_14257.jpg,0,0,18,18
ball_12545.jpg,0,0,29,30
ball_13463.jpg,0,0,16,16
ball_15527.jpg,0,0,17,17
ball_15015.jpg,0,0,16,16
ball_14477.jpg,0,0,19,19
ball_7612.jpg,0,0,18,19
ball_15525.jpg,0,0,17,17
ball_15897.jpg,0,0,17,17
ball_16395.jpg,0,0,18,18
ball_15878.jpg,0,0,18,18
ball_15894.jpg,0,0,18,18
ball_14740.jpg,0,0,16,16
ball_12478.jpg,0,0,16,16
ball_7546.jpg,0,0,18,19
ball_15467.jpg,0,0,18,18
ball_4238.jpg,0,0,18,19
ball_7558.jpg,0,0,18,20
ball_14600.jpg,0,0,17,17
ball_14240.jpg,0,0,17,17
ball_15262.jpg,0,0,17,17
ball_12836.jpg,0,0,18,19
ball_16316.jpg,0,0,17,17
ball_15521.jpg,0,0,17,17
ball_14996.jpg,0,0,17,17
ball_15005.jpg,0,0,18,18
ball_13809.jpg,0,0,17,17
ball_16018.jpg,0,0,17,17
ball_14766.jpg,0,0,18,18
ball_4326.jpg,0,0,18,21
ball_15299.jpg,0,0,16,16
ball_13217.jpg,0,0,16,16
ball_16184.jpg,0,0,18,18
ball_7574.jpg,0,0,18,21
ball_15267.jpg,0,0,18,18
ball_12562.jpg,0,0,16,16
ball_12432.jpg,0,0,16,16
ball_13211.jpg,0,0,18,18
ball_16172.jpg,0,0,18,18
ball_13954.jpg,0,0,17,17
ball_13214.jpg,0,0,17,17
ball_16030.jpg,0,0,17,17
ball_14495.jpg,0,0,16,16
ball_4378.jpg,0,0,19,20
ball_14106.jpg,0,0,16,16
ball_15912.jpg,0,0,16,16
ball_13946.jpg,0,0,17,17
ball_15500.jpg,0,0,16,16
ball_14760.jpg,0,0,16,16
ball_12857.jpg,0,0,16,16
ball_16290.jpg,0,0,20,20
ball_16333.jpg,0,0,16,16
ball_16306.jpg,0,0,19,19
ball_4200.jpg,0,0,18,19
ball_14440.jpg,0,0,17,17
ball_16163.jpg,0,0,17,17
ball_4274.jpg,0,0,18,19
ball_14125.jpg,0,0,16,16
ball_14993.jpg,0,0,18,18
ball_13823.jpg,0,0,19,19
ball_7550.jpg,0,0,18,20
ball_14430.jpg,0,0,19,19
ball_16191.jpg,0,0,16,16
ball_13978.jpg,0,0,16,16
ball_14913.jpg,0,0,16,16
ball_15124.jpg,0,0,14,16
ball_14250.jpg,0,0,19,19
ball_13948.jpg,0,0,19,19
ball_13949.jpg,0,0,16,16
ball_12828.jpg,0,0,19,19
ball_12435.jpg,0,0,16,16
ball_15872.jpg,0,0,16,16
ball_14438.jpg,0,0,19,19
ball_13837.jpg,0,0,16,16
ball_15301.jpg,0,0,16,16
ball_15593.jpg,0,0,19,19
ball_14115.jpg,0,0,17,17
ball_12415.jpg,0,0,16,16
ball_15127.jpg,0,0,14,16
ball_13666.jpg,0,0,19,19
ball_15898.jpg,0,0,18,18
ball_12439.jpg,0,0,16,16
ball_7712.jpg,0,0,19,21
ball_14460.jpg,0,0,18,18
ball_13461.jpg,0,0,16,16
ball_12460.jpg,0,0,15,16
ball_15616.jpg,0,0,18,18
ball_14883.jpg,0,0,18,18
ball_14458.jpg,0,0,16,16
ball_15798.jpg,0,0,16,16
ball_13679.jpg,0,0,16,16
ball_12976.jpg,0,0,18,18
ball_14629.jpg,0,0,18,18
ball_13544.jpg,0,0,18,18
ball_13803.jpg,0,0,19,19
ball_15501.jpg,0,0,17,17
ball_13219.jpg,0,0,18,18
ball_4314.jpg,0,0,18,21
ball_4348.jpg,0,0,18,21
ball_15624.jpg,0,0,16,16
ball_13529.jpg,0,0,19,19
ball_12551.jpg,0,0,16,16
ball_14997.jpg,0,0,18,18
ball_15300.jpg,0,0,16,16
ball_16399.jpg,0,0,18,18
ball_15806.jpg,0,0,16,16
ball_12411.jpg,0,0,16,16
ball_13807.jpg,0,0,19,19
ball_16429.jpg,0,0,16,16
ball_15873.jpg,0,0,17,17
ball_12853.jpg,0,0,16,16
ball_14759.jpg,0,0,19,19
ball_14463.jpg,0,0,17,17
ball_4212.jpg,0,0,18,20
ball_14110.jpg,0,0,16,16
ball_4430.jpg,0,0,18,21
ball_4396.jpg,0,0,18,19
ball_15795.jpg,0,0,17,17
ball_14775.jpg,0,0,19,19
ball_13683.jpg,0,0,16,16
ball_12983.jpg,0,0,17,17
ball_13084.jpg,0,0,16,16
ball_12450.jpg,0,0,16,16
ball_14476.jpg,0,0,18,18
ball_7594.jpg,0,0,18,19
ball_12453.jpg,0,0,16,16
ball_13438.jpg,0,0,18,18
ball_14249.jpg,0,0,18,18
ball_14479.jpg,0,0,17,17
ball_13681.jpg,0,0,18,18
ball_16053.jpg,0,0,16,16
ball_14623.jpg,0,0,16,16
ball_15776.jpg,0,0,18,18
ball_14617.jpg,0,0,18,18
ball_13808.jpg,0,0,16,16
ball_12473.jpg,0,0,16,16
ball_14912.jpg,0,0,19,19
ball_16394.jpg,0,0,17,17
ball_13072.jpg,0,0,16,16
ball_14624.jpg,0,0,17,17
ball_12847.jpg,0,0,18,18
ball_14443.jpg,0,0,16,16
ball_12971.jpg,0,0,17,17
ball_16334.jpg,0,0,16,16
ball_4196.jpg,0,0,17,20
ball_13441.jpg,0,0,17,17
ball_14895.jpg,0,0,18,18
ball_7624.jpg,0,0,18,17
ball_12990.jpg,0,0,16,16
ball_12827.jpg,0,0,18,18
ball_4380.jpg,0,0,18,19
ball_15146.jpg,0,0,15,14
ball_7576.jpg,0,0,19,22
ball_16297.jpg,0,0,18,18
ball_14123.jpg,0,0,16,16
ball_16170.jpg,0,0,16,16
ball_16038.jpg,0,0,17,17
ball_15911.jpg,0,0,16,16
ball_12851.jpg,0,0,16,16
ball_13953.jpg,0,0,16,16
ball_15904.jpg,0,0,16,16
ball_15610.jpg,0,0,16,16
ball_16326.jpg,0,0,18,18
ball_14500.jpg,0,0,16,16
ball_13524.jpg,0,0,18,18
ball_13189.jpg,0,0,16,16
ball_15781.jpg,0,0,19,19
ball_16410.jpg,0,0,17,17
ball_16188.jpg,0,0,16,16
ball_12408.jpg,0,0,16,16
ball_15789.jpg,0,0,19,19
ball_16318.jpg,0,0,19,18
ball_12441.jpg,0,0,16,16
ball_13689.jpg,0,0,18,18
ball_4328.jpg,0,0,18,21
ball_15132.jpg,0,0,15,15
ball_7676.jpg,0,0,18,21
ball_13558.jpg,0,0,16,16
ball_15816.jpg,0,0,16,16
ball_16174.jpg,0,0,16,16
ball_14113.jpg,0,0,19,19
ball_4336.jpg,0,0,18,21
ball_14091.jpg,0,0,17,17
ball_15899.jpg,0,0,19,19
ball_12431.jpg,0,0,16,16
ball_13685.jpg,0,0,18,18
ball_12449.jpg,0,0,16,16
ball_15503.jpg,0,0,17,19
ball_14461.jpg,0,0,19,19
ball_14085.jpg,0,0,19,19
ball_14451.jpg,0,0,16,16
ball_13519.jpg,0,0,17,17
ball_16180.jpg,0,0,18,18
ball_15007.jpg,0,0,16,16
ball_14989.jpg,0,0,18,18
ball_14983.jpg,0,0,16,16
ball_7634.jpg,0,0,19,19
ball_7714.jpg,0,0,17,18
ball_12845.jpg,0,0,16,16
ball_13049.jpg,0,0,17,17
ball_14442.jpg,0,0,19,19
ball_15614.jpg,0,0,16,16
ball_14994.jpg,0,0,19,19
ball_14750.jpg,0,0,18,18
ball_16414.jpg,0,0,17,17
ball_12821.jpg,0,0,16,16
ball_14614.jpg,0,0,19,19
ball_14237.jpg,0,0,18,18
ball_15607.jpg,0,0,17,17
ball_16179.jpg,0,0,17,17
ball_4406.jpg,0,0,18,18
ball_14605.jpg,0,0,18,18
ball_15591.jpg,0,0,17,17
ball_13208.jpg,0,0,19,19
ball_12957.jpg,0,0,19,19
ball_16292.jpg,0,0,17,17
ball_15534.jpg,0,0,16,16
ball_16388.jpg,0,0,19,19
ball_16425.jpg,0,0,16,16
ball_4244.jpg,0,0,19,20
ball_13060.jpg,0,0,16,16
ball_16039.jpg,0,0,18,18
ball_15809.jpg,0,0,19,19
ball_15909.jpg,0,0,16,16
ball_7690.jpg,0,0,18,20
ball_13947.jpg,0,0,18,18
ball_13087.jpg,0,0,16,16
ball_4278.jpg,0,0,18,20
ball_4302.jpg,0,0,18,21
ball_14086.jpg,0,0,16,16
ball_14126.jpg,0,0,16,16
ball_15137.jpg,0,0,14,15
ball_12428.jpg,0,0,16,16
ball_15787.jpg,0,0,17,17
ball_12830.jpg,0,0,17,17
ball_4428.jpg,0,0,15,17
ball_14635.jpg,0,0,16,16
ball_14245.jpg,0,0,18,18
ball_7648.jpg,0,0,18,19
ball_15129.jpg,0,0,16,15
ball_14093.jpg,0,0,19,19
ball_13462.jpg,0,0,16,16
ball_14475.jpg,0,0,17,17
ball_13197.jpg,0,0,16,16
ball_12968.jpg,0,0,18,18
ball_12467.jpg,0,0,16,16
ball_15620.jpg,0,0,18,18
ball_4422.jpg,0,0,18,18
ball_13699.jpg,0,0,16,16
ball_13443.jpg,0,0,19,19
ball_15517.jpg,0,0,17,17
ball_13835.jpg,0,0,19,19
ball_13812.jpg,0,0,16,16
ball_4332.jpg,0,0,18,21
ball_14412.jpg,0,0,17,17
ball_13050.jpg,0,0,18,18
ball_13425.jpg,0,0,17,17
ball_16335.jpg,0,0,16,16
ball_15014.jpg,0,0,16,16
ball_7696.jpg,0,0,19,19
ball_15475.jpg,0,0,18,18
ball_14465.jpg,0,0,19,19
ball_13078.jpg,0,0,18,18
ball_15785.jpg,0,0,19,19
ball_4344.jpg,0,0,18,21
ball_4426.jpg,0,0,16,19
ball_12994.jpg,0,0,16,16
ball_7658.jpg,0,0,18,19
ball_15895.jpg,0,0,19,19
ball_7568.jpg,0,0,18,19
ball_15529.jpg,0,0,16,16
ball_4366.jpg,0,0,18,21
ball_4388.jpg,0,0,18,21
ball_13664.jpg,0,0,17,17
ball_14627.jpg,0,0,16,16
ball_4410.jpg,0,0,18,18
ball_13703.jpg,0,0,16,16
ball_13442.jpg,0,0,18,18
ball_4404.jpg,0,0,18,21
ball_16192.jpg,0,0,16,16
ball_13056.jpg,0,0,16,16
ball_13057.jpg,0,0,17,17
ball_14498.jpg,0,0,16,16
ball_14111.jpg,0,0,17,17
ball_14999.jpg,0,0,16,16
ball_14606.jpg,0,0,19,19
ball_13663.jpg,0,0,16,16
ball_4246.jpg,0,0,19,18
ball_16402.jpg,0,0,17,17
ball_12447.jpg,0,0,16,16
ball_16008.jpg,0,0,20,20
ball_14744.jpg,0,0,16,16
ball_16160.jpg,0,0,18,18
ball_16408.jpg,0,0,18,19
ball_13944.jpg,0,0,19,19
ball_14227.jpg,0,0,16,16
ball_12475.jpg,0,0,16,16
ball_14978.jpg,0,0,19,19
ball_14609.jpg,0,0,18,18
ball_14484.jpg,0,0,18,18
ball_14914.jpg,0,0,17,17
ball_16320.jpg,0,0,17,17
ball_15451.jpg,0,0,18,18
ball_14893.jpg,0,0,16,16
ball_14450.jpg,0,0,16,16
ball_15472.jpg,0,0,19,19
ball_15016.jpg,0,0,16,16
ball_15619.jpg,0,0,17,17
ball_16151.jpg,0,0,17,17
ball_15291.jpg,0,0,18,18
ball_12442.jpg,0,0,16,16
ball_16302.jpg,0,0,18,19
ball_14429.jpg,0,0,18,18
ball_14917.jpg,0,0,16,16
ball_15880.jpg,0,0,16,16
ball_14615.jpg,0,0,16,16
ball_14246.jpg,0,0,19,19
ball_15496.jpg,0,0,16,16
ball_12446.jpg,0,0,16,16
ball_12964.jpg,0,0,18,18
ball_15783.jpg,0,0,17,17
ball_15807.jpg,0,0,17,17
ball_15491.jpg,0,0,19,19
ball_15457.jpg,0,0,16,16
ball_16305.jpg,0,0,18,18
ball_14468.jpg,0,0,18,18
ball_13963.jpg,0,0,18,18
ball_16181.jpg,0,0,19,19
ball_12552.jpg,0,0,16,16
ball_16294.jpg,0,0,19,19
ball_14998.jpg,0,0,19,19
ball_14427.jpg,0,0,16,16
ball_7708.jpg,0,0,18,20
ball_13232.jpg,0,0,16,16
ball_13670.jpg,0,0,19,19
ball_12812.jpg,0,0,20,20
ball_14754.jpg,0,0,18,18
ball_7580.jpg,0,0,19,22
ball_16016.jpg,0,0,19,19
ball_16307.jpg,0,0,16,16
ball_13667.jpg,0,0,16,16
ball_16015.jpg,0,0,18,18
ball_12970.jpg,0,0,16,16
ball_14415.jpg,0,0,16,16
ball_15888.jpg,0,0,16,16
ball_15158.jpg,0,0,16,14
ball_14763.jpg,0,0,19,19
ball_12960.jpg,0,0,18,18
ball_7542.jpg,0,0,18,20
ball_13541.jpg,0,0,19,19
ball_14096.jpg,0,0,18,18
ball_4322.jpg,0,0,18,21
ball_4282.jpg,0,0,17,19
ball_13077.jpg,0,0,17,17
ball_13821.jpg,0,0,17,17
ball_15802.jpg,0,0,16,16
ball_13448.jpg,0,0,16,16
ball_14420.jpg,0,0,17,17
ball_14434.jpg,0,0,19,19
ball_13426.jpg,0,0,18,18
ball_15485.jpg,0,0,16,16
ball_14974.jpg,0,0,25,25
ball_7544.jpg,0,0,18,20
ball_13468.jpg,0,0,16,16
ball_13810.jpg,0,0,18,18
ball_15509.jpg,0,0,17,17
ball_13069.jpg,0,0,17,17
ball_14418.jpg,0,0,19,19
ball_7674.jpg,0,0,18,20
ball_13525.jpg,0,0,19,19
ball_16296.jpg,0,0,17,17
ball_15268.jpg,0,0,19,19
ball_13051.jpg,0,0,19,19
ball_4312.jpg,0,0,18,21
ball_13053.jpg,0,0,17,17
ball_13216.jpg,0,0,19,19
ball_15817.jpg,0,0,16,16
ball_4176.jpg,0,0,17,19
ball_15779.jpg,0,0,17,17
ball_16034.jpg,0,0,17,17
ball_12998.jpg,0,0,16,16
ball_13540.jpg,0,0,18,18
ball_12440.jpg,0,0,16,16
ball_12966.jpg,0,0,16,16
ball_7596.jpg,0,0,19,19
ball_14903.jpg,0,0,18,18
ball_12417.jpg,0,0,16,16
ball_15887.jpg,0,0,19,19
ball_12831.jpg,0,0,18,18
ball_4202.jpg,0,0,17,20
ball_15518.jpg,0,0,18,17
ball_15533.jpg,0,0,16,16
ball_13982.jpg,0,0,16,16
ball_12962.jpg,0,0,16,16
ball_14414.jpg,0,0,19,19
ball_14980.jpg,0,0,17,17
ball_14976.jpg,0,0,17,17
ball_12854.jpg,0,0,16,16
ball_16413.jpg,0,0,16,16
ball_12839.jpg,0,0,18,18
ball_14439.jpg,0,0,16,16
ball_14487.jpg,0,0,17,17
ball_15780.jpg,0,0,18,18
ball_15628.jpg,0,0,16,16
ball_15804.jpg,0,0,18,18
ball_16043.jpg,0,0,18,18
ball_15621.jpg,0,0,19,19
ball_7644.jpg,0,0,18,19
ball_16417.jpg,0,0,16,16
ball_16403.jpg,0,0,18,18
ball_13958.jpg,0,0,17,17
ball_16012.jpg,0,0,19,19
ball_14254.jpg,0,0,19,19
ball_14776.jpg,0,0,16,16
ball_12458.jpg,0,0,16,16
ball_16164.jpg,0,0,18,18
ball_15117.jpg,0,0,16,16
ball_15271.jpg,0,0,18,18
ball_14747.jpg,0,0,19,19
ball_15003.jpg,0,0,16,16
ball_14774.jpg,0,0,18,18
ball_14911.jpg,0,0,18,18
ball_13434.jpg,0,0,18,18
ball_4368.jpg,0,0,18,21
ball_13445.jpg,0,0,17,17
ball_13204.jpg,0,0,19,19
ball_14120.jpg,0,0,16,16
ball_7630.jpg,0,0,18,19
ball_13547.jpg,0,0,17,17
ball_16023.jpg,0,0,18,18
ball_16312.jpg,0,0,17,17
ball_16315.jpg,0,0,16,16
ball_16011.jpg,0,0,18,18
ball_12437.jpg,0,0,16,16
ball_15000.jpg,0,0,17,17
ball_15008.jpg,0,0,17,17
ball_16405.jpg,0,0,16,16
ball_15626.jpg,0,0,16,16
ball_14881.jpg,0,0,16,16
ball_14081.jpg,0,0,21,21
ball_14251.jpg,0,0,16,16
ball_15122.jpg,0,0,15,16
ball_13945.jpg,0,0,16,16
ball_16404.jpg,0,0,19,19
ball_16167.jpg,0,0,17,17
ball_15463.jpg,0,0,18,18
ball_12456.jpg,0,0,16,16
ball_12852.jpg,0,0,16,16
ball_12969.jpg,0,0,19,19
ball_12842.jpg,0,0,17,17
ball_13690.jpg,0,0,19,19
ball_12855.jpg,0,0,16,16
ball_13800.jpg,0,0,16,16
ball_14608.jpg,0,0,17,17
ball_13985.jpg,0,0,16,16
ball_13981.jpg,0,0,16,16
ball_14756.jpg,0,0,16,16
ball_4358.jpg,0,0,18,21
ball_12546.jpg,0,0,16,16
ball_15908.jpg,0,0,16,16
ball_15778.jpg,0,0,16,16
ball_13687.jpg,0,0,16,16
ball_14906.jpg,0,0,17,17
ball_7600.jpg,0,0,19,19
ball_16168.jpg,0,0,18,18
ball_15261.jpg,0,0,16,16
ball_14124.jpg,0,0,16,16
ball_14435.jpg,0,0,16,16
ball_4174.jpg,0,0,18,20
ball_14105.jpg,0,0,19,19
ball_7614.jpg,0,0,18,19
ball_14769.jpg,0,0,17,17
ball_4268.jpg,0,0,18,20
ball_15792.jpg,0,0,18,18
ball_7562.jpg,0,0,18,19
ball_13073.jpg,0,0,17,17
ball_12461.jpg,0,0,16,16
ball_13200.jpg,0,0,19,19
ball_13952.jpg,0,0,19,19
ball_14255.jpg,0,0,16,16
ball_7678.jpg,0,0,18,19
ball_13064.jpg,0,0,16,16
ball_15801.jpg,0,0,19,19
ball_15881.jpg,0,0,17,17
ball_13702.jpg,0,0,16,16
ball_14425.jpg,0,0,18,18
ball_16165.jpg,0,0,19,19
ball_12483.jpg,0,0,16,16
ball_16392.jpg,0,0,19,19
ball_13070.jpg,0,0,18,18
ball_13813.jpg,0,0,17,17
ball_15449.jpg,0,0,16,16
ball_15890.jpg,0,0,18,18
ball_13684.jpg,0,0,17,17
ball_12982.jpg,0,0,16,16
ball_15458.jpg,0,0,17,17
ball_15877.jpg,0,0,17,17
ball_13700.jpg,0,0,16,16
ball_15289.jpg,0,0,16,16
ball_14621.jpg,0,0,18,18
ball_12445.jpg,0,0,17,18
ball_15532.jpg,0,0,16,16
ball_4356.jpg,0,0,18,21
ball_14432.jpg,0,0,17,17
ball_12975.jpg,0,0,17,17
ball_12826.jpg,0,0,17,17
ball_12416.jpg,0,0,16,16
ball_14457.jpg,0,0,23,23
ball_7662.jpg,0,0,18,20
ball_14887.jpg,0,0,18,18
ball_15613.jpg,0,0,19,19
ball_13230.jpg,0,0,16,16
ball_15618.jpg,0,0,16,16
ball_13956.jpg,0,0,19,19
ball_13091.jpg,0,0,16,16
ball_14423.jpg,0,0,16,16
ball_14097.jpg,0,0,19,19
ball_16047.jpg,0,0,16,16
ball_4178.jpg,0,0,18,18
ball_13802.jpg,0,0,18,18
ball_14613.jpg,0,0,18,18
ball_12409.jpg,0,0,16,16
ball_15119.jpg,0,0,16,16
ball_15870.jpg,0,0,18,18
ball_14610.jpg,0,0,19,19
ball_14485.jpg,0,0,19,19
ball_14118.jpg,0,0,16,16
ball_16291.jpg,0,0,16,16
ball_4264.jpg,0,0,19,18
ball_15145.jpg,0,0,15,14
ball_7554.jpg,0,0,19,20
ball_14474.jpg,0,0,16,16
ball_14496.jpg,0,0,16,16
ball_16157.jpg,0,0,19,19
ball_16423.jpg,0,0,16,16
ball_15810.jpg,0,0,16,16
ball_13423.jpg,0,0,21,21
ball_15006.jpg,0,0,19,19
ball_4364.jpg,0,0,18,21
ball_12987.jpg,0,0,17,17
ball_12988.jpg,0,0,18,18
ball_13435.jpg,0,0,19,19
ball_16187.jpg,0,0,16,16
ball_13557.jpg,0,0,16,16
ball_14975.jpg,0,0,16,16
ball_14764.jpg,0,0,16,16
ball_12961.jpg,0,0,19,19
ball_15263.jpg,0,0,18,18
ball_15790.jpg,0,0,16,16
ball_15800.jpg,0,0,18,18
ball_7694.jpg,0,0,20,21
ball_7718.jpg,0,0,18,21
ball_16393.jpg,0,0,16,16
ball_15524.jpg,0,0,16,16
ball_15520.jpg,0,0,16,16
ball_4370.jpg,0,0,18,21
ball_14984.jpg,0,0,17,17
ball_14225.jpg,0,0,18,18
ball_15511.jpg,0,0,18,18
ball_4172.jpg,0,0,17,21
ball_14224.jpg,0,0,17,17
ball_13229.jpg,0,0,16,16
ball_15281.jpg,0,0,16,16
ball_13964.jpg,0,0,19,19
ball_13523.jpg,0,0,17,17
ball_13227.jpg,0,0,16,16
ball_13456.jpg,0,0,16,16
ball_15793.jpg,0,0,19,19
ball_13960.jpg,0,0,19,19
ball_12985.jpg,0,0,19,19
ball_15011.jpg,0,0,16,16
ball_15456.jpg,0,0,19,19
ball_15272.jpg,0,0,19,19
ball_13678.jpg,0,0,19,19
ball_14885.jpg,0,0,16,16
ball_13459.jpg,0,0,19,19
ball_12406.jpg,0,0,16,16
ball_16301.jpg,0,0,18,18
ball_16321.jpg,0,0,18,18
ball_14626.jpg,0,0,19,19
ball_14453.jpg,0,0,16,16
ball_13088.jpg,0,0,16,16
ball_16176.jpg,0,0,18,18
ball_4382.jpg,0,0,18,21
ball_15283.jpg,0,0,18,18
ball_14238.jpg,0,0,19,19
ball_4256.jpg,0,0,18,20
ball_15464.jpg,0,0,19,19
ball_12421.jpg,0,0,16,16
ball_13444.jpg,0,0,16,16
ball_14437.jpg,0,0,18,18
ball_15794.jpg,0,0,16,16
ball_15883.jpg,0,0,19,19
ball_15589.jpg,0,0,19,19
ball_14770.jpg,0,0,18,18
ball_16419.jpg,0,0,18,18
ball_15481.jpg,0,0,16,16
ball_4346.jpg,0,0,18,21
ball_12459.jpg,0,0,16,16
ball_14602.jpg,0,0,19,19
ball_12477.jpg,0,0,16,16
ball_14265.jpg,0,0,16,16
ball_16152.jpg,0,0,18,18
ball_4214.jpg,0,0,20,20
ball_14632.jpg,0,0,17,17
ball_15596.jpg,0,0,18,18
ball_13665.jpg,0,0,18,18
ball_14467.jpg,0,0,17,17
ball_7716.jpg,0,0,19,22
ball_15603.jpg,0,0,17,17
ball_16330.jpg,0,0,16,16
ball_12840.jpg,0,0,19,18
ball_13672.jpg,0,0,17,17
ball_13942.jpg,0,0,17,17
ball_4288.jpg,0,0,18,20
ball_15004.jpg,0,0,17,17
ball_12420.jpg,0,0,16,16
ball_13955.jpg,0,0,18,18
ball_12452.jpg,0,0,16,16
ball_15902.jpg,0,0,18,18
ball_14243.jpg,0,0,16,16
ball_4210.jpg,0,0,18,19
ball_14502.jpg,0,0,16,16
ball_15160.jpg,0,0,14,14
ball_4338.jpg,0,0,18,21
ball_13048.jpg,0,0,16,16
ball_14987.jpg,0,0,16,16
ball_13941.jpg,0,0,16,16
ball_16031.jpg,0,0,18,18
ball_7572.jpg,0,0,19,19
ball_14634.jpg,0,0,19,19
ball_14231.jpg,0,0,16,16
ball_4258.jpg,0,0,18,19
ball_7532.jpg,0,0,18,19
ball_14638.jpg,0,0,16,16
ball_12412.jpg,0,0,16,16
ball_12973.jpg,0,0,19,19
ball_15471.jpg,0,0,18,18
ball_14631.jpg,0,0,16,16
ball_13428.jpg,0,0,16,16
ball_13843.jpg,0,0,16,16
ball_15486.jpg,0,0,16,16
ball_15130.jpg,0,0,16,15
ball_14773.jpg,0,0,17,17
ball_13838.jpg,0,0,16,16
ball_4190.jpg,0,0,17,20
ball_12992.jpg,0,0,16,16
ball_13701.jpg,0,0,16,16
ball_15900.jpg,0,0,16,16
ball_15874.jpg,0,0,18,18
ball_14630.jpg,0,0,19,19
ball_14779.jpg,0,0,16,16
ball_14777.jpg,0,0,16,16
ball_12980.jpg,0,0,18,18
ball_13542.jpg,0,0,16,16
ball_13550.jpg,0,0,16,16
ball_15499.jpg,0,0,18,19
ball_14490.jpg,0,0,16,16
ball_15599.jpg,0,0,17,17
ball_15896.jpg,0,0,16,16
ball_14746.jpg,0,0,18,18
ball_15269.jpg,0,0,16,16
ball_4290.jpg,0,0,17,19
ball_13834.jpg,0,0,18,18
ball_13974.jpg,0,0,17,17
ball_13063.jpg,0,0,19,19
ball_15450.jpg,0,0,17,17
ball_15290.jpg,0,0,17,17
ball_12986.jpg,0,0,16,16
ball_13799.jpg,0,0,25,25
ball_13671.jpg,0,0,16,16
ball_15519.jpg,0,0,19,17
ball_7652.jpg,0,0,18,19
ball_16397.jpg,0,0,16,16
ball_15447.jpg,0,0,18,18
ball_15001.jpg,0,0,18,18
ball_14603.jpg,0,0,16,16
ball_4208.jpg,0,0,19,20
ball_13970.jpg,0,0,17,17
ball_15602.jpg,0,0,16,16
ball_13841.jpg,0,0,16,16
ball_4298.jpg,0,0,18,21
ball_14992.jpg,0,0,17,17
ball_12834.jpg,0,0,17,17
ball_15627.jpg,0,0,16,16
ball_7636.jpg,0,0,18,19
ball_12548.jpg,0,0,16,16
ball_14497.jpg,0,0,16,16
ball_7616.jpg,0,0,19,19
ball_13668.jpg,0,0,17,17
ball_15296.jpg,0,0,16,16
ball_14083.jpg,0,0,17,17
ball_15279.jpg,0,0,18,18
ball_16019.jpg,0,0,18,18
ball_14979.jpg,0,0,16,16
ball_15452.jpg,0,0,19,19
ball_13449.jpg,0,0,17,17
ball_13804.jpg,0,0,16,16
ball_15495.jpg,0,0,19,19
ball_16026.jpg,0,0,17,17
ball_14899.jpg,0,0,18,18
ball_12425.jpg,0,0,22,24
ball_12838.jpg,0,0,17,17
ball_12454.jpg,0,0,15,16
ball_7604.jpg,0,0,18,19
ball_14604.jpg,0,0,17,17
ball_7668.jpg,0,0,18,18
ball_14416.jpg,0,0,17,17
ball_7660.jpg,0,0,18,19
ball_12955.jpg,0,0,17,17
ball_13695.jpg,0,0,16,16
ball_15282.jpg,0,0,17,17
ball_14469.jpg,0,0,19,19
ball_13661.jpg,0,0,18,18
ball_13530.jpg,0,0,16,16
ball_13682.jpg,0,0,19,19
ball_14618.jpg,0,0,19,19
ball_15630.jpg,0,0,16,16
ball_4240.jpg,0,0,19,19
ball_16041.jpg,0,0,16,16
ball_14082.jpg,0,0,16,16
ball_14448.jpg,0,0,16,16
ball_13972.jpg,0,0,19,19
ball_14908.jpg,0,0,19,19
ball_16158.jpg,0,0,16,16
ball_15492.jpg,0,0,16,16
ball_15140.jpg,0,0,16,14
ball_13962.jpg,0,0,17,17
ball_14262.jpg,0,0,16,16
ball_15275.jpg,0,0,18,18
ball_16025.jpg,0,0,16,16
ball_13454.jpg,0,0,18,18
ball_16418.jpg,0,0,17,17
ball_13562.jpg,0,0,16,16
ball_14625.jpg,0,0,18,18
ball_15131.jpg,0,0,16,15
ball_4418.jpg,0,0,19,18
ball_15274.jpg,0,0,17,17
ball_15019.jpg,0,0,16,16
ball_14888.jpg,0,0,19,19
ball_14260.jpg,0,0,16,16
ball_13957.jpg,0,0,16,16
ball_4180.jpg,0,0,17,18
ball_15483.jpg,0,0,16,16
ball_12978.jpg,0,0,16,16
ball_13528.jpg,0,0,18,18
ball_14778.jpg,0,0,16,16
ball_4230.jpg,0,0,19,19
ball_15867.jpg,0,0,24,24
ball_7706.jpg,0,0,19,21
ball_14263.jpg,0,0,16,16
ball_14428.jpg,0,0,17,17
ball_13816.jpg,0,0,16,16
ball_14122.jpg,0,0,16,16
ball_7734.jpg,0,0,18,19
ball_13202.jpg,0,0,17,17
ball_13536.jpg,0,0,18,18
ball_15256.jpg,0,0,24,24
ball_16052.jpg,0,0,16,16
ball_7566.jpg,0,0,19,19
ball_4276.jpg,0,0,18,20
ball_14923.jpg,0,0,16,16
ball_14088.jpg,0,0,18,18
ball_14752.jpg,0,0,16,16
ball_13817.jpg,0,0,17,17
ball_14988.jpg,0,0,17,17
ball_15159.jpg,0,0,15,14
ball_7620.jpg,0,0,18,19
ball_13220.jpg,0,0,19,19
ball_16036.jpg,0,0,19,18
ball_14762.jpg,0,0,18,18
ball_14748.jpg,0,0,16,16
ball_14436.jpg,0,0,17,17
ball_15126.jpg,0,0,14,16
ball_15444.jpg,0,0,23,23
ball_13977.jpg,0,0,16,16
ball_14253.jpg,0,0,18,18
ball_12470.jpg,0,0,16,16
ball_16024.jpg,0,0,19,19
ball_16009.jpg,0,0,16,16
ball_7552.jpg,0,0,18,19
ball_14612.jpg,0,0,17,17
ball_7608.jpg,0,0,19,18
ball_13828.jpg,0,0,16,16
ball_13457.jpg,0,0,17,17
ball_13537.jpg,0,0,19,19
ball_15903.jpg,0,0,19,19
ball_4310.jpg,0,0,18,21
ball_12848.jpg,0,0,18,18
ball_16421.jpg,0,0,16,16
ball_16159.jpg,0,0,17,17
ball_14099.jpg,0,0,17,17
ball_15775.jpg,0,0,17,17
ball_15528.jpg,0,0,16,16
ball_15489.jpg,0,0,16,16
ball_12413.jpg,0,0,16,16
ball_4254.jpg,0,0,18,21
ball_7538.jpg,0,0,18,19
ball_16310.jpg,0,0,19,19
ball_12558.jpg,0,0,16,16
ball_4414.jpg,0,0,18,21
ball_16385.jpg,0,0,16,16
ball_16400.jpg,0,0,19,19
ball_14444.jpg,0,0,17,17
ball_14636.jpg,0,0,16,16
ball_12457.jpg,0,0,15,16
ball_12979.jpg,0,0,17,17
ball_16313.jpg,0,0,18,18
ball_15595.jpg,0,0,17,17
ball_14639.jpg,0,0,16,16
ball_4292.jpg,0,0,18,20
ball_13451.jpg,0,0,19,19
ball_14641.jpg,0,0,16,16
ball_15142.jpg,0,0,16,14
ball_15141.jpg,0,0,16,14
ball_12472.jpg,0,0,16,16
ball_4216.jpg,0,0,20,20
ball_13967.jpg,0,0,18,18
ball_14258.jpg,0,0,19,19
ball_15144.jpg,0,0,15,14
ball_14739.jpg,0,0,23,23
ball_12850.jpg,0,0,16,16
ball_14411.jpg,0,0,16,16
ball_14925.jpg,0,0,16,16
ball_12463.jpg,0,0,15,16
ball_13517.jpg,0,0,27,27
ball_4224.jpg,0,0,18,18
ball_15002.jpg,0,0,19,19
ball_13433.jpg,0,0,17,17
ball_13460.jpg,0,0,16,16
ball_12953.jpg,0,0,24,24
ball_12841.jpg,0,0,16,16
ball_14601.jpg,0,0,18,18
ball_15588.jpg,0,0,18,18
ball_7606.jpg,0,0,19,19
ball_15884.jpg,0,0,16,16
ball_16178.jpg,0,0,16,16
ball_13548.jpg,0,0,18,18
ball_14261.jpg,0,0,16,16
ball_13052.jpg,0,0,16,16
ball_15445.jpg,0,0,16,16
ball_13047.jpg,0,0,26,26
ball_7664.jpg,0,0,18,18
ball_14431.jpg,0,0,16,16
ball_16032.jpg,0,0,18,19
ball_13196.jpg,0,0,19,19
ball_14452.jpg,0,0,16,16
ball_14455.jpg,0,0,16,16
ball_14902.jpg,0,0,17,17
ball_14264.jpg,0,0,16,16
ball_12995.jpg,0,0,16,16
ball_4316.jpg,0,0,18,21
ball_15484.jpg,0,0,16,16
ball_15284.jpg,0,0,19,19
ball_12963.jpg,0,0,17,17
ball_4260.jpg,0,0,18,20
ball_12469.jpg,0,0,16,16
ball_4374.jpg,0,0,18,21
ball_12553.jpg,0,0,16,16
ball_14784.jpg,0,0,16,16
ball_12451.jpg,0,0,15,16
ball_4308.jpg,0,0,18,21
ball_14473.jpg,0,0,19,19
ball_12835.jpg,0,0,18,18
ball_15136.jpg,0,0,14,15
ball_13066.jpg,0,0,18,18
ball_13815.jpg,0,0,19,19
ball_15601.jpg,0,0,19,19
ball_15149.jpg,0,0,14,14
ball_14084.jpg,0,0,18,18
ball_4262.jpg,0,0,18,19
ball_14891.jpg,0,0,18,18
ball_14501.jpg,0,0,16,16
ball_4386.jpg,0,0,18,21
ball_15504.jpg,0,0,16,16
ball_14233.jpg,0,0,18,18
ball_16386.jpg,0,0,17,17
ball_15278.jpg,0,0,17,17
ball_13535.jpg,0,0,17,17
ball_13546.jpg,0,0,16,16
ball_16037.jpg,0,0,16,16
ball_7720.jpg,0,0,18,21
ball_16185.jpg,0,0,19,19
ball_12557.jpg,0,0,16,16
ball_4198.jpg,0,0,18,21
ball_14783.jpg,0,0,16,16
ball_16161.jpg,0,0,19,19
ball_4416.jpg,0,0,19,20
ball_15479.jpg,0,0,18,18
ball_4232.jpg,0,0,18,18
ball_13559.jpg,0,0,16,16
ball_14488.jpg,0,0,18,18
ball_13192.jpg,0,0,19,19
ball_12465.jpg,0,0,18,18
ball_14904.jpg,0,0,19,19
ball_14223.jpg,0,0,16,16
ball_12410.jpg,0,0,16,16
ball_13447.jpg,0,0,19,19
ball_13455.jpg,0,0,19,19
ball_12844.jpg,0,0,19,18
ball_15502.jpg,0,0,17,18
ball_4170.jpg,0,0,17,20
ball_7640.jpg,0,0,18,18
ball_7732.jpg,0,0,18,21
ball_15469.jpg,0,0,16,16
ball_15622.jpg,0,0,16,16
ball_15805.jpg,0,0,19,19
ball_14619.jpg,0,0,16,16
ball_16013.jpg,0,0,16,16
ball_15116.jpg,0,0,16,16
ball_14768.jpg,0,0,16,16
ball_13521.jpg,0,0,19,19
ball_14109.jpg,0,0,19,19
ball_14880.jpg,0,0,24,24
ball_13086.jpg,0,0,16,16
ball_4394.jpg,0,0,18,19
ball_4340.jpg,0,0,18,21
ball_16045.jpg,0,0,16,16
ball_13199.jpg,0,0,18,18
ball_13067.jpg,0,0,19,19
ball_14481.jpg,0,0,19,19
ball_13538.jpg,0,0,16,16
ball_15294.jpg,0,0,16,16
ball_15138.jpg,0,0,14,15
ball_14090.jpg,0,0,16,16
ball_16396.jpg,0,0,18,19
ball_14241.jpg,0,0,18,18
ball_13951.jpg,0,0,18,18
ball_12833.jpg,0,0,16,16
ball_13674.jpg,0,0,19,19
ball_13465.jpg,0,0,16,16
ball_13061.jpg,0,0,17,17
ball_15788.jpg,0,0,18,18
ball_13436.jpg,0,0,16,16
ball_16390.jpg,0,0,17,17
ball_12856.jpg,0,0,16,16
ball_14882.jpg,0,0,17,17
ball_15293.jpg,0,0,16,16
ball_13532.jpg,0,0,18,18
ball_13560.jpg,0,0,16,16
ball_14896.jpg,0,0,19,19
ball_7666.jpg,0,0,18,19
ball_12549.jpg,0,0,16,16
ball_15468.jpg,0,0,19,19
ball_14244.jpg,0,0,17,17
ball_16162.jpg,0,0,16,16
ball_14757.jpg,0,0,17,17
ball_16308.jpg,0,0,17,17
ball_13430.jpg,0,0,18,18
ball_7582.jpg,0,0,19,22
ball_13819.jpg,0,0,19,19
ball_15905.jpg,0,0,16,16
ball_14493.jpg,0,0,19,19
ball_15907.jpg,0,0,16,16
ball_15587.jpg,0,0,17,17
ball_12813.jpg,0,0,16,16
ball_14108.jpg,0,0,18,18
ball_16048.jpg,0,0,16,16
ball_15453.jpg,0,0,16,16
ball_4184.jpg,0,0,17,20
ball_14104.jpg,0,0,18,18
ball_14116.jpg,0,0,18,18
ball_14781.jpg,0,0,16,16
ball_4300.jpg,0,0,18,21
ball_16027.jpg,0,0,18,18
ball_13467.jpg,0,0,16,16
ball_14900.jpg,0,0,19,19
ball_14745.jpg,0,0,17,17
ball_14421.jpg,0,0,18,18
ball_14107.jpg,0,0,17,17
ball_15512.jpg,0,0,16,16
ball_15470.jpg,0,0,17,17
ball_13943.jpg,0,0,18,18
ball_15147.jpg,0,0,15,14
ball_16194.jpg,0,0,16,16
ball_4354.jpg,0,0,18,21
ball_7680.jpg,0,0,18,20
ball_15530.jpg,0,0,16,16
ball_15297.jpg,0,0,16,16
ball_13698.jpg,0,0,16,16
ball_13976.jpg,0,0,19,19
ball_16022.jpg,0,0,17,17
ball_15498.jpg,0,0,18,18
ball_16010.jpg,0,0,17,17
ball_13054.jpg,0,0,18,18
ball_12993.jpg,0,0,16,16
ball_15868.jpg,0,0,16,16
ball_15513.jpg,0,0,17,17
ball_12482.jpg,0,0,16,16
ball_14633.jpg,0,0,18,18
ball_4228.jpg,0,0,19,20
ball_14480.jpg,0,0,18,18
ball_13840.jpg,0,0,16,16
ball_15514.jpg,0,0,17,18
ball_14643.jpg,0,0,16,16
ball_4284.jpg,0,0,18,20
ball_7548.jpg,0,0,18,20
ball_13826.jpg,0,0,18,18
ball_4334.jpg,0,0,18,21
ball_4270.jpg,0,0,18,20
ball_14119.jpg,0,0,16,16
ball_12843.jpg,0,0,18,18
ball_15617.jpg,0,0,19,19
ball_15115.jpg,0,0,16,16
ball_7692.jpg,0,0,19,21
ball_15292.jpg,0,0,19,19
ball_16035.jpg,0,0,18,18
ball_15536.jpg,0,0,16,16
ball_14761.jpg,0,0,17,17
ball_12981.jpg,0,0,19,19
ball_13188.jpg,0,0,23,23
ball_14230.jpg,0,0,19,19
ball_14100.jpg,0,0,18,18
ball_15813.jpg,0,0,16,16
ball_4248.jpg,0,0,18,21
ball_4424.jpg,0,0,18,20
ball_15784.jpg,0,0,18,18
ball_7556.jpg,0,0,19,21
ball_14222.jpg,0,0,21,21
ball_16175.jpg,0,0,17,17
ball_12560.jpg,0,0,16,16
ball_13453.jpg,0,0,17,17
ball_13058.jpg,0,0,18,18
ball_13205.jpg,0,0,16,16
ball_7528.jpg,0,0,18,21
ball_14459.jpg,0,0,17,17
ball_13092.jpg,0,0,16,16
ball_14228.jpg,0,0,17,17
ball_7540.jpg,0,0,18,21
ball_14640.jpg,0,0,16,16
ball_13224.jpg,0,0,19,19
ball_16314.jpg,0,0,18,19
ball_14242.jpg,0,0,19,19
ball_13693.jpg,0,0,18,18
ball_16154.jpg,0,0,16,16
ball_4330.jpg,0,0,18,21
ball_4272.jpg,0,0,18,20
ball_13431.jpg,0,0,19,19
ball_15797.jpg,0,0,19,19
ball_12550.jpg,0,0,16,16
ball_14886.jpg,0,0,17,17
ball_13556.jpg,0,0,16,16
ball_14894.jpg,0,0,17,17
ball_12997.jpg,0,0,16,16
ball_15298.jpg,0,0,16,16
ball_7564.jpg,0,0,18,19
ball_15791.jpg,0,0,17,17
ball_12977.jpg,0,0,19,19
ball_7570.jpg,0,0,18,20
ball_14910.jpg,0,0,17,17
ball_14890.jpg,0,0,17,17
ball_14767.jpg,0,0,19,19
ball_13458.jpg,0,0,18,18
ball_4234.jpg,0,0,18,19
ball_13440.jpg,0,0,16,16
ball_16046.jpg,0,0,16,16
ball_15009.jpg,0,0,18,18
ball_14426.jpg,0,0,19,19
ball_16309.jpg,0,0,18,18
ball_4412.jpg,0,0,18,21
ball_15592.jpg,0,0,18,18
ball_13822.jpg,0,0,18,18
ball_15526.jpg,0,0,17,17
ball_14991.jpg,0,0,16,16
ball_13233.jpg,0,0,16,16
ball_12429.jpg,0,0,16,16
ball_16401.jpg,0,0,16,16
ball_7726.jpg,0,0,19,21
ball_15459.jpg,0,0,18,18
ball_15487.jpg,0,0,16,16
ball_13979.jpg,0,0,16,16
ball_14758.jpg,0,0,18,18
ball_13191.jpg,0,0,18,18
ball_12556.jpg,0,0,16,16
ball_15446.jpg,0,0,17,17
ball_15507.jpg,0,0,19,18
ball_13827.jpg,0,0,19,19
ball_13446.jpg,0,0,18,18
ball_4360.jpg,0,0,18,21
ball_15611.jpg,0,0,17,17
ball_7588.jpg,0,0,19,18
ball_12448.jpg,0,0,15,16
ball_14095.jpg,0,0,17,17
ball_15497.jpg,0,0,17,17
ball_15629.jpg,0,0,16,16
ball_13660.jpg,0,0,17,17
ball_4304.jpg,0,0,18,21
ball_4206.jpg,0,0,19,20
ball_13832.jpg,0,0,16,16
ball_14753.jpg,0,0,17,17
ball_13554.jpg,0,0,16,16
ball_16311.jpg,0,0,16,16
ball_16190.jpg,0,0,16,16
ball_15585.jpg,0,0,29,29
ball_13669.jpg,0,0,18,18
ball_12414.jpg,0,0,16,16
ball_14471.jpg,0,0,17,17
ball_15125.jpg,0,0,14,16
ball_15505.jpg,0,0,17,17
ball_14920.jpg,0,0,16,16
ball_15150.jpg,0,0,14,14
ball_15151.jpg,0,0,14,14
ball_13439.jpg,0,0,19,19
ball_13811.jpg,0,0,19,19
ball_7642.jpg,0,0,18,18
ball_15120.jpg,0,0,15,16
ball_15531.jpg,0,0,16,16
ball_14433.jpg,0,0,18,18
ball_4218.jpg,0,0,19,21
ball_15295.jpg,0,0,16,16
ball_15910.jpg,0,0,16,16
ball_15597.jpg,0,0,19,19
ball_13824.jpg,0,0,16,16
ball_7656.jpg,0,0,17,18
ball_7618.jpg,0,0,18,19
ball_13432.jpg,0,0,16,16
ball_16014.jpg,0,0,17,17
ball_14780.jpg,0,0,16,16
ball_12426.jpg,0,0,16,16
ball_4220.jpg,0,0,19,19
ball_16389.jpg,0,0,16,16
ball_13658.jpg,0,0,26,26
ball_15605.jpg,0,0,19,19
ball_16300.jpg,0,0,17,17
ball_16020.jpg,0,0,18,19
ball_15598.jpg,0,0,16,16
ball_15893.jpg,0,0,17,17
ball_4250.jpg,0,0,18,20
ball_13059.jpg,0,0,19,19
ball_12418.jpg,0,0,16,16
ball_16293.jpg,0,0,18,18
ball_13464.jpg,0,0,16,16
ball_13085.jpg,0,0,16,16
ball_12996.jpg,0,0,16,16
ball_13966.jpg,0,0,17,17
ball_14236.jpg,0,0,17,17
ball_15488.jpg,0,0,16,16
ball_15871.jpg,0,0,19,19
ball_15280.jpg,0,0,19,19
ball_12846.jpg,0,0,17,17
ball_13959.jpg,0,0,18,18
ball_14252.jpg,0,0,17,17
ball_14267.jpg,0,0,16,16
ball_13969.jpg,0,0,16,16
ball_12958.jpg,0,0,16,16
ball_15777.jpg,0,0,19,19
ball_15535.jpg,0,0,16,16
ball_7730.jpg,0,0,18,19
ball_13065.jpg,0,0,17,17
ball_14447.jpg,0,0,16,16
ball_14616.jpg,0,0,17,17
ball_14422.jpg,0,0,19,19
ball_16406.jpg,0,0,17,17
ball_14248.jpg,0,0,17,17
ball_12815.jpg,0,0,18,18
ball_14470.jpg,0,0,16,16
ball_14642.jpg,0,0,16,16
ball_14449.jpg,0,0,16,16
ball_12481.jpg,0,0,16,16
ball_15285.jpg,0,0,16,16
ball_15260.jpg,0,0,19,19
ball_16173.jpg,0,0,19,19
ball_15466.jpg,0,0,17,17
ball_4402.jpg,0,0,18,21
ball_13980.jpg,0,0,16,16
ball_16299.jpg,0,0,16,16
ball_14981.jpg,0,0,18,18
ball_14990.jpg,0,0,19,19
ball_12956.jpg,0,0,18,18
ball_16319.jpg,0,0,16,16
ball_16332.jpg,0,0,16,16
ball_14494.jpg,0,0,16,16
ball_15604.jpg,0,0,18,18
ball_16050.jpg,0,0,16,16
ball_14622.jpg,0,0,19,19
ball_15808.jpg,0,0,18,18
ball_12817.jpg,0,0,16,16
ball_7622.jpg,0,0,19,19
ball_12443.jpg,0,0,16,16
ball_12959.jpg,0,0,17,17
ball_4362.jpg,0,0,18,21
ball_12474.jpg,0,0,16,16
ball_12819.jpg,0,0,18,18
ball_13062.jpg,0,0,18,18
ball_13090.jpg,0,0,16,16
ball_13215.jpg,0,0,18,18
ball_14114.jpg,0,0,16,16
ball_13466.jpg,0,0,16,16
ball_15625.jpg,0,0,16,16
ball_14909.jpg,0,0,16,16
ball_14985.jpg,0,0,18,18
ball_14256.jpg,0,0,17,17
ball_16193.jpg,0,0,16,16
ball_15134.jpg,0,0,15,15
ball_15889.jpg,0,0,17,17
ball_7724.jpg,0,0,19,19
ball_16415.jpg,0,0,18,18
ball_16029.jpg,0,0,16,16
ball_15133.jpg,0,0,15,15
ball_14229.jpg,0,0,18,18
ball_7702.jpg,0,0,20,20
ball_12561.jpg,0,0,16,16
