ball_10124.jpg,0,0,21,19
ball_9056.jpg,0,0,22,22
ball_10436.jpg,0,0,25,24
ball_9950.jpg,0,0,21,22
ball_3194.jpg,0,0,24,29
ball_10446.jpg,0,0,25,24
ball_12242.jpg,0,0,15,18
ball_3220.jpg,0,0,25,31
ball_3204.jpg,0,0,23,23
ball_11118.jpg,0,0,20,22
ball_9086.jpg,0,0,22,22
ball_11270.jpg,0,0,19,21
ball_10252.jpg,0,0,25,24
ball_9520.jpg,0,0,19,22
ball_9324.jpg,0,0,20,22
ball_3240.jpg,0,0,22,22
ball_10160.jpg,0,0,23,15
ball_12302.jpg,0,0,15,18
ball_11342.jpg,0,0,19,22
ball_11828.jpg,0,0,19,21
ball_11186.jpg,0,0,20,23
ball_10298.jpg,0,0,25,24
ball_10224.jpg,0,0,22,22
ball_12026.jpg,0,0,15,18
ball_9380.jpg,0,0,20,22
ball_9148.jpg,0,0,20,22
ball_9204.jpg,0,0,20,22
ball_7984.jpg,0,0,23,23
ball_3260.jpg,0,0,28,27
ball_9968.jpg,0,0,21,22
ball_9636.jpg,0,0,19,22
ball_11114.jpg,0,0,20,22
ball_9962.jpg,0,0,21,22
ball_12250.jpg,0,0,15,18
ball_12266.jpg,0,0,15,18
ball_11852.jpg,0,0,18,20
ball_11206.jpg,0,0,20,22
ball_12344.jpg,0,0,15,18
ball_11704.jpg,0,0,21,21
ball_9442.jpg,0,0,20,22
ball_3292.jpg,0,0,23,26
ball_9414.jpg,0,0,20,22
ball_3214.jpg,0,0,23,26
ball_9406.jpg,0,0,20,22
ball_11422.jpg,0,0,19,22
ball_11168.jpg,0,0,21,23
ball_12386.jpg,0,0,16,19
ball_12220.jpg,0,0,15,18
ball_11448.jpg,0,0,19,22
ball_9290.jpg,0,0,20,22
ball_9230.jpg,0,0,20,22
ball_3536.jpg,0,0,22,20
ball_10132.jpg,0,0,22,22
ball_11622.jpg,0,0,19,22
ball_12320.jpg,0,0,15,18
ball_11750.jpg,0,0,21,21
ball_10570.jpg,0,0,25,24
ball_10466.jpg,0,0,25,24
ball_9956.jpg,0,0,21,22
ball_11812.jpg,0,0,19,19
ball_9128.jpg,0,0,22,22
ball_10458.jpg,0,0,25,24
ball_10264.jpg,0,0,25,24
ball_11256.jpg,0,0,20,23
ball_8032.jpg,0,0,23,23
ball_9166.jpg,0,0,20,22
ball_11446.jpg,0,0,19,22
ball_11814.jpg,0,0,21,23
ball_10562.jpg,0,0,25,24
ball_10510.jpg,0,0,25,24
ball_9072.jpg,0,0,22,22
ball_11664.jpg,0,0,21,21
ball_11404.jpg,0,0,19,22
ball_9622.jpg,0,0,19,22
ball_12372.jpg,0,0,16,19
ball_9146.jpg,0,0,20,22
ball_11688.jpg,0,0,21,21
ball_3306.jpg,0,0,24,21
ball_8008.jpg,0,0,23,23
ball_10194.jpg,0,0,22,20
ball_11552.jpg,0,0,19,22
ball_10478.jpg,0,0,25,24
ball_10612.jpg,0,0,25,24
ball_9354.jpg,0,0,20,22
ball_3496.jpg,0,0,22,21
ball_10256.jpg,0,0,25,24
ball_3126.jpg,0,0,29,25
ball_3346.jpg,0,0,20,22
ball_9994.jpg,0,0,21,22
ball_10254.jpg,0,0,25,24
ball_11736.jpg,0,0,21,21
ball_11426.jpg,0,0,19,22
ball_10108.jpg,0,0,21,20
ball_3316.jpg,0,0,23,20
ball_9428.jpg,0,0,20,22
ball_3550.jpg,0,0,21,17
ball_11880.jpg,0,0,18,20
ball_10110.jpg,0,0,20,20
ball_10202.jpg,0,0,20,19
ball_9154.jpg,0,0,20,22
ball_3144.jpg,0,0,22,24
ball_7960.jpg,0,0,23,22
ball_10286.jpg,0,0,25,24
ball_11930.jpg,0,0,19,20
ball_11550.jpg,0,0,19,22
ball_9514.jpg,0,0,19,22
ball_10552.jpg,0,0,25,24
ball_11144.jpg,0,0,19,22
ball_9058.jpg,0,0,22,22
ball_8054.jpg,0,0,23,23
ball_11770.jpg,0,0,21,21
ball_10176.jpg,0,0,24,18
ball_10214.jpg,0,0,22,22
ball_12070.jpg,0,0,15,18
ball_10042.jpg,0,0,21,22
ball_3172.jpg,0,0,21,24
ball_10000.jpg,0,0,21,22
ball_12232.jpg,0,0,15,18
ball_10340.jpg,0,0,25,24
ball_12150.jpg,0,0,16,16
ball_3406.jpg,0,0,23,24
ball_10544.jpg,0,0,25,24
ball_9062.jpg,0,0,22,22
ball_12346.jpg,0,0,15,18
ball_9050.jpg,0,0,22,22
ball_10582.jpg,0,0,25,24
ball_12374.jpg,0,0,16,19
ball_9586.jpg,0,0,19,22
ball_3158.jpg,0,0,26,26
ball_3258.jpg,0,0,23,24
ball_9078.jpg,0,0,22,22
ball_11398.jpg,0,0,19,22
ball_11510.jpg,0,0,19,22
ball_9554.jpg,0,0,19,22
ball_9266.jpg,0,0,20,22
ball_3246.jpg,0,0,24,27
ball_11440.jpg,0,0,19,22
ball_11818.jpg,0,0,19,21
ball_10536.jpg,0,0,25,24
ball_11920.jpg,0,0,17,19
ball_3110.jpg,0,0,20,24
ball_9552.jpg,0,0,19,22
ball_8006.jpg,0,0,23,23
ball_3280.jpg,0,0,22,27
ball_10504.jpg,0,0,25,24
ball_12224.jpg,0,0,15,18
ball_8052.jpg,0,0,23,23
ball_11488.jpg,0,0,19,22
ball_3176.jpg,0,0,25,26
ball_11182.jpg,0,0,19,22
ball_9570.jpg,0,0,19,22
ball_10590.jpg,0,0,25,24
ball_10116.jpg,0,0,20,20
ball_11932.jpg,0,0,18,18
ball_11624.jpg,0,0,19,22
ball_3242.jpg,0,0,25,26
ball_11096.jpg,0,0,20,22
ball_3218.jpg,0,0,25,28
ball_8002.jpg,0,0,23,23
ball_11790.jpg,0,0,21,21
ball_11600.jpg,0,0,19,22
ball_10114.jpg,0,0,20,19
ball_11380.jpg,0,0,19,22
ball_9194.jpg,0,0,20,22
ball_12380.jpg,0,0,16,19
ball_10200.jpg,0,0,22,21
ball_12144.jpg,0,0,15,18
ball_12130.jpg,0,0,15,16
ball_11218.jpg,0,0,19,21
ball_3464.jpg,0,0,22,21
ball_12384.jpg,0,0,16,19
ball_10034.jpg,0,0,21,22
ball_12002.jpg,0,0,16,17
ball_8040.jpg,0,0,23,23
ball_10342.jpg,0,0,25,24
ball_3512.jpg,0,0,23,21
ball_3450.jpg,0,0,24,22
ball_11126.jpg,0,0,20,22
ball_3134.jpg,0,0,22,25
ball_11554.jpg,0,0,19,22
ball_9174.jpg,0,0,20,22
ball_9590.jpg,0,0,19,22
ball_11952.jpg,0,0,18,19
ball_11786.jpg,0,0,21,21
ball_3188.jpg,0,0,25,25
ball_11638.jpg,0,0,21,21
ball_12104.jpg,0,0,15,18
ball_3428.jpg,0,0,22,23
ball_10390.jpg,0,0,25,24
ball_10036.jpg,0,0,21,22
ball_10272.jpg,0,0,25,24
ball_10058.jpg,0,0,21,22
ball_12178.jpg,0,0,15,18
ball_10568.jpg,0,0,25,24
ball_7988.jpg,0,0,23,23
ball_9382.jpg,0,0,20,22
ball_11860.jpg,0,0,18,20
ball_11230.jpg,0,0,19,23
ball_10362.jpg,0,0,25,24
ball_11466.jpg,0,0,19,22
ball_12262.jpg,0,0,15,18
ball_12240.jpg,0,0,15,18
ball_3546.jpg,0,0,25,21
ball_9082.jpg,0,0,22,22
ball_10102.jpg,0,0,20,19
ball_11180.jpg,0,0,20,24
ball_3366.jpg,0,0,21,24
ball_3410.jpg,0,0,22,23
ball_11816.jpg,0,0,18,19
ball_3026.jpg,0,0,19,20
ball_12210.jpg,0,0,15,18
ball_9600.jpg,0,0,19,22
ball_11402.jpg,0,0,19,22
ball_12208.jpg,0,0,15,18
ball_11982.jpg,0,0,15,18
ball_11242.jpg,0,0,19,23
ball_3166.jpg,0,0,22,26
ball_3024.jpg,0,0,20,21
ball_11394.jpg,0,0,19,22
ball_11128.jpg,0,0,20,22
ball_11712.jpg,0,0,21,21
ball_3252.jpg,0,0,24,26
ball_12072.jpg,0,0,17,19
ball_11262.jpg,0,0,19,24
ball_9536.jpg,0,0,19,22
ball_11134.jpg,0,0,19,22
ball_11580.jpg,0,0,19,22
ball_9674.jpg,0,0,19,22
ball_3064.jpg,0,0,19,22
ball_10040.jpg,0,0,21,22
ball_10324.jpg,0,0,25,24
ball_10142.jpg,0,0,22,21
ball_12324.jpg,0,0,15,18
ball_10534.jpg,0,0,25,24
ball_9088.jpg,0,0,22,22
ball_10050.jpg,0,0,21,22
ball_8026.jpg,0,0,23,23
ball_3530.jpg,0,0,23,22
ball_10078.jpg,0,0,21,22
ball_12162.jpg,0,0,15,18
ball_9670.jpg,0,0,19,22
ball_11824.jpg,0,0,18,22
ball_10380.jpg,0,0,25,24
ball_3448.jpg,0,0,21,23
ball_11424.jpg,0,0,19,22
ball_10244.jpg,0,0,25,24
ball_3388.jpg,0,0,21,24
ball_11838.jpg,0,0,19,21
ball_9596.jpg,0,0,19,22
ball_3444.jpg,0,0,24,22
ball_11526.jpg,0,0,19,22
ball_12066.jpg,0,0,17,18
ball_3224.jpg,0,0,24,26
ball_9240.jpg,0,0,20,22
ball_11832.jpg,0,0,18,21
ball_12322.jpg,0,0,15,18
ball_12120.jpg,0,0,16,17
ball_10596.jpg,0,0,25,24
ball_9618.jpg,0,0,19,22
ball_11326.jpg,0,0,19,22
ball_10268.jpg,0,0,25,24
ball_11706.jpg,0,0,21,21
ball_9360.jpg,0,0,20,22
ball_12394.jpg,0,0,16,19
ball_11196.jpg,0,0,21,22
ball_11260.jpg,0,0,20,23
ball_9584.jpg,0,0,19,22
ball_3532.jpg,0,0,23,21
ball_11098.jpg,0,0,20,22
ball_10128.jpg,0,0,20,19
ball_11214.jpg,0,0,20,22
ball_11964.jpg,0,0,18,19
ball_3552.jpg,0,0,21,17
ball_12068.jpg,0,0,16,17
ball_12360.jpg,0,0,16,19
ball_10496.jpg,0,0,25,24
ball_9400.jpg,0,0,20,22
ball_11540.jpg,0,0,19,22
ball_12086.jpg,0,0,16,18
ball_9288.jpg,0,0,20,22
ball_10220.jpg,0,0,22,22
ball_9418.jpg,0,0,20,22
ball_11382.jpg,0,0,19,22
ball_3236.jpg,0,0,28,27
ball_11958.jpg,0,0,17,18
ball_8048.jpg,0,0,23,23
ball_3544.jpg,0,0,21,23
ball_11166.jpg,0,0,20,23
ball_9668.jpg,0,0,19,22
ball_10616.jpg,0,0,25,24
ball_9220.jpg,0,0,20,22
ball_3146.jpg,0,0,21,24
ball_12268.jpg,0,0,15,18
ball_11804.jpg,0,0,15,19
ball_9458.jpg,0,0,20,22
ball_10476.jpg,0,0,25,24
ball_9254.jpg,0,0,20,22
ball_12180.jpg,0,0,15,18
ball_9654.jpg,0,0,19,22
ball_12254.jpg,0,0,15,18
ball_9074.jpg,0,0,22,22
ball_11176.jpg,0,0,22,25
ball_11174.jpg,0,0,21,22
ball_7974.jpg,0,0,23,23
ball_3334.jpg,0,0,23,23
ball_7966.jpg,0,0,23,23
ball_12330.jpg,0,0,15,18
ball_11766.jpg,0,0,21,21
ball_11602.jpg,0,0,19,22
ball_11882.jpg,0,0,18,22
ball_9136.jpg,0,0,20,22
ball_9150.jpg,0,0,20,22
ball_11484.jpg,0,0,19,22
ball_11894.jpg,0,0,17,20
ball_9698.jpg,0,0,19,22
ball_9438.jpg,0,0,20,22
ball_3342.jpg,0,0,23,21
ball_9534.jpg,0,0,19,22
ball_3510.jpg,0,0,20,24
ball_11606.jpg,0,0,19,22
ball_9218.jpg,0,0,20,22
ball_10316.jpg,0,0,25,24
ball_3198.jpg,0,0,25,26
ball_11088.jpg,0,0,20,22
ball_9974.jpg,0,0,21,22
ball_9312.jpg,0,0,20,22
ball_9372.jpg,0,0,20,22
ball_10168.jpg,0,0,22,14
ball_10120.jpg,0,0,19,20
ball_10070.jpg,0,0,21,22
ball_11658.jpg,0,0,21,21
ball_12166.jpg,0,0,15,18
ball_12024.jpg,0,0,15,18
ball_10048.jpg,0,0,21,22
ball_12174.jpg,0,0,15,17
ball_11966.jpg,0,0,18,19
ball_11916.jpg,0,0,17,19
ball_10172.jpg,0,0,24,16
ball_10622.jpg,0,0,25,24
ball_10008.jpg,0,0,21,22
ball_3032.jpg,0,0,19,22
ball_3460.jpg,0,0,25,23
ball_9666.jpg,0,0,19,22
ball_12236.jpg,0,0,15,18
ball_3402.jpg,0,0,22,21
ball_12076.jpg,0,0,18,19
ball_3056.jpg,0,0,19,23
ball_3304.jpg,0,0,22,21
ball_11592.jpg,0,0,19,22
ball_9252.jpg,0,0,20,22
ball_3036.jpg,0,0,21,22
ball_9272.jpg,0,0,20,22
ball_9702.jpg,0,0,23,17
ball_9486.jpg,0,0,20,22
ball_9478.jpg,0,0,20,22
ball_11528.jpg,0,0,19,22
ball_9190.jpg,0,0,20,22
ball_12040.jpg,0,0,17,16
ball_12318.jpg,0,0,15,18
ball_3370.jpg,0,0,23,23
ball_12308.jpg,0,0,15,18
ball_9462.jpg,0,0,20,22
ball_9306.jpg,0,0,20,22
ball_11302.jpg,0,0,19,22
ball_10130.jpg,0,0,20,19
ball_11556.jpg,0,0,19,22
ball_3086.jpg,0,0,21,21
ball_3062.jpg,0,0,20,22
ball_10310.jpg,0,0,25,24
ball_10554.jpg,0,0,25,24
ball_3114.jpg,0,0,20,23
ball_11246.jpg,0,0,19,21
ball_11374.jpg,0,0,19,22
ball_10092.jpg,0,0,20,20
ball_12140.jpg,0,0,16,17
ball_9688.jpg,0,0,19,22
ball_11718.jpg,0,0,21,21
ball_11116.jpg,0,0,20,22
ball_9364.jpg,0,0,20,22
ball_9222.jpg,0,0,20,22
ball_3482.jpg,0,0,22,22
ball_11934.jpg,0,0,19,18
ball_11962.jpg,0,0,18,19
ball_9436.jpg,0,0,20,22
ball_7992.jpg,0,0,23,23
ball_10196.jpg,0,0,22,20
ball_3288.jpg,0,0,20,25
ball_3296.jpg,0,0,24,25
ball_10576.jpg,0,0,25,24
ball_12172.jpg,0,0,15,16
ball_10408.jpg,0,0,25,24
ball_9080.jpg,0,0,22,22
ball_9132.jpg,0,0,22,22
ball_3124.jpg,0,0,29,26
ball_9060.jpg,0,0,22,22
ball_11680.jpg,0,0,21,21
ball_3066.jpg,0,0,20,25
ball_10230.jpg,0,0,22,22
ball_11778.jpg,0,0,21,21
ball_11668.jpg,0,0,21,21
ball_10426.jpg,0,0,25,24
ball_9620.jpg,0,0,19,22
ball_11802.jpg,0,0,21,21
ball_8012.jpg,0,0,23,23
ball_3396.jpg,0,0,25,24
ball_10164.jpg,0,0,20,13
ball_11280.jpg,0,0,19,22
ball_11542.jpg,0,0,19,22
ball_9160.jpg,0,0,20,22
ball_11604.jpg,0,0,19,22
ball_9368.jpg,0,0,20,22
ball_11378.jpg,0,0,19,22
ball_12200.jpg,0,0,16,17
ball_11148.jpg,0,0,19,17
ball_12264.jpg,0,0,15,18
ball_10090.jpg,0,0,22,20
ball_12336.jpg,0,0,15,18
ball_3230.jpg,0,0,24,27
ball_11520.jpg,0,0,19,22
ball_11850.jpg,0,0,18,21
ball_11946.jpg,0,0,17,18
ball_9444.jpg,0,0,20,22
ball_11294.jpg,0,0,19,22
ball_10082.jpg,0,0,21,22
ball_10526.jpg,0,0,25,24
ball_11922.jpg,0,0,18,19
ball_12044.jpg,0,0,17,18
ball_9226.jpg,0,0,20,22
ball_8010.jpg,0,0,23,23
ball_11432.jpg,0,0,19,22
ball_11874.jpg,0,0,18,21
ball_3500.jpg,0,0,24,23
ball_9314.jpg,0,0,20,22
ball_11974.jpg,0,0,18,18
ball_9426.jpg,0,0,20,22
ball_11788.jpg,0,0,21,21
ball_12270.jpg,0,0,15,18
ball_3054.jpg,0,0,19,21
ball_10594.jpg,0,0,25,24
ball_12194.jpg,0,0,14,15
ball_10174.jpg,0,0,20,16
ball_11538.jpg,0,0,19,22
ball_10564.jpg,0,0,25,24
ball_7998.jpg,0,0,23,23
ball_9588.jpg,0,0,19,22
ball_11840.jpg,0,0,18,20
ball_3408.jpg,0,0,21,24
ball_9308.jpg,0,0,20,22
ball_9522.jpg,0,0,19,22
ball_9652.jpg,0,0,19,22
ball_10308.jpg,0,0,25,24
ball_12034.jpg,0,0,16,17
ball_10528.jpg,0,0,25,24
ball_9416.jpg,0,0,20,22
ball_12284.jpg,0,0,15,18
ball_3160.jpg,0,0,23,22
ball_10452.jpg,0,0,25,24
ball_10068.jpg,0,0,21,22
ball_8050.jpg,0,0,23,23
ball_11574.jpg,0,0,19,22
ball_3542.jpg,0,0,23,19
ball_9532.jpg,0,0,19,22
ball_3244.jpg,0,0,20,24
ball_9122.jpg,0,0,22,22
ball_7976.jpg,0,0,23,23
ball_12014.jpg,0,0,15,18
ball_11152.jpg,0,0,19,22
ball_9446.jpg,0,0,20,22
ball_3046.jpg,0,0,19,21
ball_8064.jpg,0,0,23,23
ball_12096.jpg,0,0,16,18
ball_11480.jpg,0,0,19,22
ball_12246.jpg,0,0,15,18
ball_9238.jpg,0,0,20,22
ball_11192.jpg,0,0,21,24
ball_10152.jpg,0,0,20,19
ball_9612.jpg,0,0,19,22
ball_12048.jpg,0,0,17,18
ball_12230.jpg,0,0,15,18
ball_11354.jpg,0,0,19,22
ball_11522.jpg,0,0,19,22
ball_11346.jpg,0,0,19,22
ball_10024.jpg,0,0,21,22
ball_10184.jpg,0,0,21,16
ball_12042.jpg,0,0,17,18
ball_10428.jpg,0,0,25,24
ball_3040.jpg,0,0,19,21
ball_11268.jpg,0,0,20,22
ball_9680.jpg,0,0,19,22
ball_11370.jpg,0,0,19,22
ball_12314.jpg,0,0,15,18
ball_10416.jpg,0,0,25,24
ball_11926.jpg,0,0,17,19
ball_11532.jpg,0,0,19,22
ball_3504.jpg,0,0,21,22
ball_11478.jpg,0,0,19,22
ball_9356.jpg,0,0,20,22
ball_3070.jpg,0,0,19,23
ball_3440.jpg,0,0,22,22
ball_3400.jpg,0,0,23,22
ball_11348.jpg,0,0,19,22
ball_11968.jpg,0,0,18,19
ball_11576.jpg,0,0,19,22
ball_8058.jpg,0,0,23,23
ball_10474.jpg,0,0,25,24
ball_10258.jpg,0,0,25,24
ball_3170.jpg,0,0,22,24
ball_11774.jpg,0,0,21,21
ball_11670.jpg,0,0,21,21
ball_9106.jpg,0,0,22,22
ball_12352.jpg,0,0,16,19
ball_9346.jpg,0,0,20,22
ball_11564.jpg,0,0,19,22
ball_9296.jpg,0,0,20,22
ball_11292.jpg,0,0,19,22
ball_10508.jpg,0,0,25,24
ball_9192.jpg,0,0,20,22
ball_3186.jpg,0,0,25,26
ball_10022.jpg,0,0,21,22
ball_10060.jpg,0,0,21,22
ball_9690.jpg,0,0,19,22
ball_3362.jpg,0,0,22,23
ball_3112.jpg,0,0,21,23
ball_11482.jpg,0,0,19,22
ball_3468.jpg,0,0,25,22
ball_11796.jpg,0,0,21,21
ball_9546.jpg,0,0,19,22
ball_9286.jpg,0,0,20,22
ball_11408.jpg,0,0,19,22
ball_11476.jpg,0,0,19,22
ball_11944.jpg,0,0,18,19
ball_10032.jpg,0,0,21,22
ball_3104.jpg,0,0,21,25
ball_9046.jpg,0,0,22,22
ball_3044.jpg,0,0,19,22
ball_11972.jpg,0,0,17,18
ball_11914.jpg,0,0,19,20
ball_3116.jpg,0,0,22,27
ball_9662.jpg,0,0,19,22
ball_9526.jpg,0,0,19,22
ball_10178.jpg,0,0,23,16
ball_3442.jpg,0,0,21,21
ball_11760.jpg,0,0,21,21
ball_10484.jpg,0,0,25,24
ball_9186.jpg,0,0,20,22
ball_10300.jpg,0,0,25,24
ball_11428.jpg,0,0,19,22
ball_10620.jpg,0,0,25,24
ball_3212.jpg,0,0,22,27
ball_9500.jpg,0,0,20,22
ball_9598.jpg,0,0,19,22
ball_11634.jpg,0,0,21,21
ball_9422.jpg,0,0,20,22
ball_9490.jpg,0,0,20,22
ball_3096.jpg,0,0,21,23
ball_9236.jpg,0,0,20,22
ball_10266.jpg,0,0,25,24
ball_11248.jpg,0,0,20,22
ball_12404.jpg,0,0,16,19
ball_10442.jpg,0,0,25,24
ball_3488.jpg,0,0,23,22
ball_10294.jpg,0,0,25,24
ball_3318.jpg,0,0,23,23
ball_12356.jpg,0,0,16,19
ball_9302.jpg,0,0,20,22
ball_3466.jpg,0,0,23,26
ball_10248.jpg,0,0,25,24
ball_11942.jpg,0,0,17,20
ball_3418.jpg,0,0,22,24
ball_11626.jpg,0,0,19,22
ball_11236.jpg,0,0,19,22
ball_9626.jpg,0,0,19,22
ball_12134.jpg,0,0,16,17
ball_9326.jpg,0,0,20,22
ball_11322.jpg,0,0,19,22
ball_12078.jpg,0,0,16,18
ball_11416.jpg,0,0,19,22
ball_11388.jpg,0,0,19,22
ball_8030.jpg,0,0,23,23
ball_11872.jpg,0,0,18,19
ball_10228.jpg,0,0,22,22
ball_10072.jpg,0,0,21,22
ball_11906.jpg,0,0,18,19
ball_11588.jpg,0,0,19,22
ball_12282.jpg,0,0,15,18
ball_9578.jpg,0,0,19,22
ball_3148.jpg,0,0,25,25
ball_11956.jpg,0,0,18,18
ball_11524.jpg,0,0,19,22
ball_12334.jpg,0,0,15,18
ball_9202.jpg,0,0,20,22
ball_10290.jpg,0,0,25,24
ball_10096.jpg,0,0,19,19
ball_12398.jpg,0,0,16,19
ball_11208.jpg,0,0,19,22
ball_10296.jpg,0,0,25,24
ball_9270.jpg,0,0,20,22
ball_10338.jpg,0,0,25,24
ball_10162.jpg,0,0,23,14
ball_12316.jpg,0,0,15,18
ball_10288.jpg,0,0,25,24
ball_9496.jpg,0,0,20,22
ball_11362.jpg,0,0,19,22
ball_3326.jpg,0,0,24,26
ball_9978.jpg,0,0,21,22
ball_9592.jpg,0,0,19,22
ball_9052.jpg,0,0,22,22
ball_11518.jpg,0,0,19,22
ball_11150.jpg,0,0,18,18
ball_9470.jpg,0,0,20,22
ball_11170.jpg,0,0,20,23
ball_11500.jpg,0,0,19,22
ball_12030.jpg,0,0,15,18
ball_9544.jpg,0,0,19,22
ball_3378.jpg,0,0,23,23
ball_9110.jpg,0,0,22,22
ball_11734.jpg,0,0,21,21
ball_3490.jpg,0,0,22,21
ball_11976.jpg,0,0,16,18
ball_3264.jpg,0,0,24,25
ball_10328.jpg,0,0,25,24
ball_11572.jpg,0,0,19,22
ball_10414.jpg,0,0,25,24
ball_9156.jpg,0,0,20,22
ball_10432.jpg,0,0,25,24
ball_3548.jpg,0,0,18,17
ball_10150.jpg,0,0,21,18
ball_11806.jpg,0,0,17,19
ball_3404.jpg,0,0,23,22
ball_3358.jpg,0,0,23,21
ball_9542.jpg,0,0,19,22
ball_10502.jpg,0,0,25,24
ball_3446.jpg,0,0,23,21
ball_8016.jpg,0,0,23,23
ball_9134.jpg,0,0,22,22
ball_10542.jpg,0,0,25,24
ball_3090.jpg,0,0,22,24
ball_10420.jpg,0,0,25,24
ball_12392.jpg,0,0,16,19
ball_9042.jpg,0,0,22,22
ball_11390.jpg,0,0,19,22
ball_9610.jpg,0,0,19,22
ball_11436.jpg,0,0,19,22
ball_10480.jpg,0,0,25,24
ball_11132.jpg,0,0,20,22
ball_10016.jpg,0,0,21,22
ball_9468.jpg,0,0,20,22
ball_7990.jpg,0,0,23,23
ball_9138.jpg,0,0,20,22
ball_9606.jpg,0,0,19,22
ball_11992.jpg,0,0,17,19
ball_9634.jpg,0,0,19,22
ball_7968.jpg,0,0,23,23
ball_3494.jpg,0,0,21,21
ball_3272.jpg,0,0,23,25
ball_10226.jpg,0,0,22,22
ball_7962.jpg,0,0,23,23
ball_3422.jpg,0,0,23,23
ball_11716.jpg,0,0,21,21
ball_11656.jpg,0,0,21,21
ball_12198.jpg,0,0,15,16
ball_9616.jpg,0,0,19,22
ball_11848.jpg,0,0,18,22
ball_9504.jpg,0,0,20,22
ball_12106.jpg,0,0,15,18
ball_9960.jpg,0,0,21,22
ball_10524.jpg,0,0,25,24
ball_11732.jpg,0,0,21,21
ball_3088.jpg,0,0,20,23
ball_3200.jpg,0,0,24,30
ball_3206.jpg,0,0,26,30
ball_3150.jpg,0,0,22,23
ball_9112.jpg,0,0,22,22
ball_9210.jpg,0,0,20,22
ball_10604.jpg,0,0,25,24
ball_10382.jpg,0,0,25,24
ball_11316.jpg,0,0,19,22
ball_12310.jpg,0,0,15,18
ball_9998.jpg,0,0,21,22
ball_11158.jpg,0,0,19,22
ball_8034.jpg,0,0,23,23
ball_9142.jpg,0,0,20,22
ball_11474.jpg,0,0,19,22
ball_9640.jpg,0,0,19,22
ball_9352.jpg,0,0,20,22
ball_9040.jpg,0,0,22,22
ball_11652.jpg,0,0,21,21
ball_12366.jpg,0,0,16,19
ball_11372.jpg,0,0,19,22
ball_3278.jpg,0,0,26,24
ball_12280.jpg,0,0,15,18
ball_11454.jpg,0,0,19,22
ball_10450.jpg,0,0,25,24
ball_9068.jpg,0,0,22,22
ball_3332.jpg,0,0,21,25
ball_11910.jpg,0,0,18,20
ball_11418.jpg,0,0,19,22
ball_11692.jpg,0,0,21,21
ball_9502.jpg,0,0,20,22
ball_9098.jpg,0,0,22,22
ball_9454.jpg,0,0,20,22
ball_9948.jpg,0,0,21,22
ball_11928.jpg,0,0,17,18
ball_10574.jpg,0,0,25,24
ball_3164.jpg,0,0,21,26
ball_12258.jpg,0,0,15,18
ball_9094.jpg,0,0,22,22
ball_3308.jpg,0,0,21,21
ball_3248.jpg,0,0,26,28
ball_11338.jpg,0,0,19,22
ball_3350.jpg,0,0,23,22
ball_12062.jpg,0,0,17,18
ball_11598.jpg,0,0,19,22
ball_11090.jpg,0,0,20,22
ball_10104.jpg,0,0,13,13
ball_3414.jpg,0,0,23,24
ball_11138.jpg,0,0,19,22
ball_9292.jpg,0,0,20,22
ball_9472.jpg,0,0,20,22
ball_3180.jpg,0,0,20,25
ball_9390.jpg,0,0,20,22
ball_3484.jpg,0,0,21,22
ball_11530.jpg,0,0,19,22
ball_3522.jpg,0,0,23,22
ball_11364.jpg,0,0,19,22
ball_9976.jpg,0,0,21,22
ball_11368.jpg,0,0,19,22
ball_9972.jpg,0,0,21,22
ball_12248.jpg,0,0,15,18
ball_9952.jpg,0,0,21,22
ball_11282.jpg,0,0,19,22
ball_12132.jpg,0,0,17,16
ball_10444.jpg,0,0,25,24
ball_10332.jpg,0,0,25,24
ball_11752.jpg,0,0,21,21
ball_10144.jpg,0,0,20,19
ball_3174.jpg,0,0,26,26
ball_11318.jpg,0,0,19,22
ball_3102.jpg,0,0,20,27
ball_10138.jpg,0,0,21,22
ball_9946.jpg,0,0,21,22
ball_3520.jpg,0,0,25,22
ball_10188.jpg,0,0,24,19
ball_12020.jpg,0,0,15,18
ball_11438.jpg,0,0,19,22
ball_11918.jpg,0,0,18,20
ball_10334.jpg,0,0,25,24
ball_11184.jpg,0,0,19,22
ball_7958.jpg,0,0,22,22
ball_11566.jpg,0,0,19,22
ball_10136.jpg,0,0,21,21
ball_11870.jpg,0,0,18,21
ball_9348.jpg,0,0,20,22
ball_11444.jpg,0,0,19,22
ball_10566.jpg,0,0,25,24
ball_11700.jpg,0,0,21,21
ball_9066.jpg,0,0,22,22
ball_3302.jpg,0,0,23,24
ball_11642.jpg,0,0,21,21
ball_10412.jpg,0,0,25,24
ball_10210.jpg,0,0,22,22
ball_11198.jpg,0,0,20,23
ball_9564.jpg,0,0,19,22
ball_8056.jpg,0,0,23,23
ball_11122.jpg,0,0,20,22
ball_11780.jpg,0,0,21,21
ball_9116.jpg,0,0,22,22
ball_12358.jpg,0,0,16,19
ball_10012.jpg,0,0,21,22
ball_9208.jpg,0,0,20,22
ball_11120.jpg,0,0,20,22
ball_11978.jpg,0,0,16,18
ball_11984.jpg,0,0,17,18
ball_12080.jpg,0,0,15,18
ball_9408.jpg,0,0,20,22
ball_11392.jpg,0,0,19,22
ball_9614.jpg,0,0,19,22
ball_11808.jpg,0,0,19,17
ball_10578.jpg,0,0,25,24
ball_9264.jpg,0,0,20,22
ball_10180.jpg,0,0,24,16
ball_9370.jpg,0,0,20,22
ball_12362.jpg,0,0,16,19
ball_11092.jpg,0,0,20,22
ball_11950.jpg,0,0,16,17
ball_10208.jpg,0,0,22,22
ball_10118.jpg,0,0,21,23
ball_9322.jpg,0,0,20,22
ball_11764.jpg,0,0,21,21
ball_12164.jpg,0,0,15,18
ball_3234.jpg,0,0,25,27
ball_9310.jpg,0,0,20,22
ball_11628.jpg,0,0,19,22
ball_9054.jpg,0,0,22,22
ball_9484.jpg,0,0,20,22
ball_8018.jpg,0,0,23,23
ball_10336.jpg,0,0,25,24
ball_9320.jpg,0,0,20,22
ball_11666.jpg,0,0,21,21
ball_11226.jpg,0,0,20,22
ball_11610.jpg,0,0,19,22
ball_10424.jpg,0,0,25,24
ball_10386.jpg,0,0,25,24
ball_10204.jpg,0,0,22,22
ball_3518.jpg,0,0,22,21
ball_10370.jpg,0,0,25,24
ball_11210.jpg,0,0,20,22
ball_9506.jpg,0,0,20,22
ball_10418.jpg,0,0,25,24
ball_11386.jpg,0,0,19,22
ball_11674.jpg,0,0,21,21
ball_11862.jpg,0,0,18,21
ball_10464.jpg,0,0,25,24
ball_9528.jpg,0,0,19,22
ball_3076.jpg,0,0,21,23
ball_11616.jpg,0,0,19,22
ball_9172.jpg,0,0,20,22
ball_11104.jpg,0,0,20,22
ball_7964.jpg,0,0,23,23
ball_10156.jpg,0,0,19,15
ball_12202.jpg,0,0,15,17
ball_3250.jpg,0,0,22,26
ball_9980.jpg,0,0,21,22
ball_11228.jpg,0,0,19,22
ball_9460.jpg,0,0,20,22
ball_3514.jpg,0,0,22,20
ball_10440.jpg,0,0,25,24
ball_9228.jpg,0,0,20,22
ball_11496.jpg,0,0,19,22
ball_9362.jpg,0,0,20,22
ball_9942.jpg,0,0,21,22
ball_10192.jpg,0,0,23,18
ball_9440.jpg,0,0,20,22
ball_9412.jpg,0,0,20,22
ball_10292.jpg,0,0,25,24
ball_3184.jpg,0,0,23,23
ball_9084.jpg,0,0,22,22
ball_3432.jpg,0,0,21,23
ball_10154.jpg,0,0,20,18
ball_10274.jpg,0,0,25,24
ball_3412.jpg,0,0,27,21
ball_12306.jpg,0,0,15,18
ball_9508.jpg,0,0,20,22
ball_11794.jpg,0,0,21,21
ball_12388.jpg,0,0,16,19
ball_11160.jpg,0,0,19,22
ball_11400.jpg,0,0,19,22
ball_11222.jpg,0,0,19,22
ball_11570.jpg,0,0,19,22
ball_11462.jpg,0,0,19,22
ball_11886.jpg,0,0,18,20
ball_12364.jpg,0,0,16,19
ball_9672.jpg,0,0,19,22
ball_12290.jpg,0,0,15,18
ball_11142.jpg,0,0,19,22
ball_10320.jpg,0,0,25,24
ball_12338.jpg,0,0,15,18
ball_12226.jpg,0,0,15,18
ball_11582.jpg,0,0,19,22
ball_3376.jpg,0,0,22,25
ball_10422.jpg,0,0,25,24
ball_3118.jpg,0,0,30,28
ball_11100.jpg,0,0,20,22
ball_11868.jpg,0,0,18,19
ball_10400.jpg,0,0,25,24
ball_12064.jpg,0,0,17,19
ball_12228.jpg,0,0,15,18
ball_3392.jpg,0,0,24,24
ball_11468.jpg,0,0,19,22
ball_3152.jpg,0,0,22,25
ball_11278.jpg,0,0,19,22
ball_11506.jpg,0,0,19,22
ball_9966.jpg,0,0,21,22
ball_11896.jpg,0,0,17,21
ball_11094.jpg,0,0,20,22
ball_11414.jpg,0,0,19,22
ball_9466.jpg,0,0,20,22
ball_9096.jpg,0,0,22,22
ball_9338.jpg,0,0,20,22
ball_9410.jpg,0,0,20,22
ball_11924.jpg,0,0,18,20
ball_9684.jpg,0,0,19,22
ball_9044.jpg,0,0,22,22
ball_11238.jpg,0,0,20,22
ball_9256.jpg,0,0,20,22
ball_11820.jpg,0,0,19,20
ball_3458.jpg,0,0,21,24
ball_10278.jpg,0,0,25,24
ball_3290.jpg,0,0,24,26
ball_9638.jpg,0,0,19,22
ball_12286.jpg,0,0,15,18
ball_9336.jpg,0,0,20,22
ball_11954.jpg,0,0,17,18
ball_11470.jpg,0,0,19,22
ball_10402.jpg,0,0,25,24
ball_10540.jpg,0,0,25,24
ball_3136.jpg,0,0,23,22
ball_9298.jpg,0,0,20,22
ball_9278.jpg,0,0,20,22
ball_12376.jpg,0,0,16,19
ball_11458.jpg,0,0,19,22
ball_11434.jpg,0,0,19,22
ball_8036.jpg,0,0,23,23
ball_9152.jpg,0,0,20,22
ball_11744.jpg,0,0,21,21
ball_3456.jpg,0,0,21,21
ball_3508.jpg,0,0,24,20
ball_7996.jpg,0,0,23,23
ball_10624.jpg,0,0,25,24
ball_9064.jpg,0,0,22,22
ball_12136.jpg,0,0,16,17
ball_9512.jpg,0,0,19,22
ball_3208.jpg,0,0,23,26
ball_12278.jpg,0,0,15,18
ball_11320.jpg,0,0,19,22
ball_11902.jpg,0,0,18,19
ball_9144.jpg,0,0,20,22
ball_10468.jpg,0,0,25,24
ball_3038.jpg,0,0,20,21
ball_3314.jpg,0,0,23,25
ball_11536.jpg,0,0,19,22
ball_3098.jpg,0,0,22,23
ball_10618.jpg,0,0,25,24
ball_11086.jpg,0,0,20,22
ball_10606.jpg,0,0,25,24
ball_11834.jpg,0,0,19,21
ball_3120.jpg,0,0,32,29
ball_10100.jpg,0,0,19,19
ball_11224.jpg,0,0,20,22
ball_9340.jpg,0,0,20,22
ball_9516.jpg,0,0,19,22
ball_9404.jpg,0,0,20,22
ball_11304.jpg,0,0,19,22
ball_3298.jpg,0,0,23,24
ball_11314.jpg,0,0,19,22
ball_12010.jpg,0,0,17,18
ball_10470.jpg,0,0,25,24
ball_11190.jpg,0,0,20,23
ball_10242.jpg,0,0,25,24
ball_3368.jpg,0,0,21,22
ball_11272.jpg,0,0,19,23
ball_3294.jpg,0,0,23,27
ball_10600.jpg,0,0,25,24
ball_12260.jpg,0,0,15,18
ball_7986.jpg,0,0,23,23
ball_11994.jpg,0,0,17,18
ball_9130.jpg,0,0,22,22
ball_10260.jpg,0,0,25,24
ball_9282.jpg,0,0,20,22
ball_11252.jpg,0,0,19,22
ball_9576.jpg,0,0,19,22
ball_9090.jpg,0,0,22,22
ball_12122.jpg,0,0,15,18
ball_12050.jpg,0,0,17,17
ball_11864.jpg,0,0,19,21
ball_9996.jpg,0,0,21,22
ball_11858.jpg,0,0,17,20
ball_12292.jpg,0,0,15,18
ball_9562.jpg,0,0,19,22
ball_3472.jpg,0,0,23,22
ball_11298.jpg,0,0,19,22
ball_9280.jpg,0,0,20,22
ball_3216.jpg,0,0,27,27
ball_10126.jpg,0,0,20,20
ball_11560.jpg,0,0,19,22
ball_10084.jpg,0,0,21,22
ball_12170.jpg,0,0,15,15
ball_12332.jpg,0,0,15,18
ball_3424.jpg,0,0,22,23
ball_12154.jpg,0,0,17,17
ball_10358.jpg,0,0,25,24
ball_11846.jpg,0,0,17,21
ball_3528.jpg,0,0,25,19
ball_12038.jpg,0,0,17,18
ball_11508.jpg,0,0,19,22
ball_9376.jpg,0,0,20,22
ball_10198.jpg,0,0,20,20
ball_11266.jpg,0,0,19,22
ball_11164.jpg,0,0,19,22
ball_3048.jpg,0,0,19,21
ball_12102.jpg,0,0,16,19
ball_10602.jpg,0,0,25,24
ball_3140.jpg,0,0,25,24
ball_3486.jpg,0,0,24,21
ball_10558.jpg,0,0,25,24
ball_12350.jpg,0,0,16,19
ball_11708.jpg,0,0,21,21
ball_12060.jpg,0,0,16,18
ball_3516.jpg,0,0,22,21
ball_12098.jpg,0,0,17,18
ball_11890.jpg,0,0,17,20
ball_12128.jpg,0,0,16,16
ball_10378.jpg,0,0,25,24
ball_9524.jpg,0,0,19,22
ball_10306.jpg,0,0,25,24
ball_12142.jpg,0,0,16,17
ball_3182.jpg,0,0,20,24
ball_10580.jpg,0,0,25,24
ball_10360.jpg,0,0,25,24
ball_9358.jpg,0,0,20,22
ball_12192.jpg,0,0,16,17
ball_9402.jpg,0,0,20,22
ball_9246.jpg,0,0,20,22
ball_11912.jpg,0,0,18,19
ball_11188.jpg,0,0,21,25
ball_10236.jpg,0,0,25,24
ball_12046.jpg,0,0,17,19
ball_3058.jpg,0,0,22,21
ball_11352.jpg,0,0,19,22
ball_11264.jpg,0,0,20,22
ball_7980.jpg,0,0,23,23
ball_12214.jpg,0,0,15,18
ball_10044.jpg,0,0,21,22
ball_3084.jpg,0,0,20,22
ball_3028.jpg,0,0,18,21
ball_3526.jpg,0,0,24,20
ball_3364.jpg,0,0,24,24
ball_10028.jpg,0,0,21,22
ball_11730.jpg,0,0,21,21
ball_10460.jpg,0,0,25,24
ball_10354.jpg,0,0,25,24
ball_9678.jpg,0,0,19,22
ball_11714.jpg,0,0,21,21
ball_10560.jpg,0,0,25,24
ball_11412.jpg,0,0,19,22
ball_3354.jpg,0,0,23,25
ball_11612.jpg,0,0,19,22
ball_10506.jpg,0,0,25,24
ball_9388.jpg,0,0,20,22
ball_9334.jpg,0,0,20,22
ball_9200.jpg,0,0,20,22
ball_11240.jpg,0,0,20,22
ball_12348.jpg,0,0,16,19
ball_11494.jpg,0,0,19,22
ball_3226.jpg,0,0,23,26
ball_11722.jpg,0,0,21,21
ball_12244.jpg,0,0,15,18
ball_10346.jpg,0,0,25,24
ball_11936.jpg,0,0,17,17
ball_10038.jpg,0,0,21,22
ball_9694.jpg,0,0,20,21
ball_9304.jpg,0,0,20,22
ball_11676.jpg,0,0,21,21
ball_3506.jpg,0,0,23,23
ball_9686.jpg,0,0,19,22
ball_12378.jpg,0,0,16,19
ball_9940.jpg,0,0,21,22
ball_11216.jpg,0,0,19,21
ball_9676.jpg,0,0,19,22
ball_11696.jpg,0,0,21,21
ball_12138.jpg,0,0,16,16
ball_3348.jpg,0,0,24,22
ball_3322.jpg,0,0,21,22
ball_8004.jpg,0,0,23,23
ball_10614.jpg,0,0,25,24
ball_11748.jpg,0,0,21,21
ball_12188.jpg,0,0,14,17
ball_10004.jpg,0,0,21,22
ball_12016.jpg,0,0,15,18
ball_11986.jpg,0,0,17,18
ball_11842.jpg,0,0,19,22
ball_12368.jpg,0,0,16,19
ball_10488.jpg,0,0,25,24
ball_9332.jpg,0,0,20,22
ball_9488.jpg,0,0,20,22
ball_3372.jpg,0,0,22,24
ball_3266.jpg,0,0,21,24
ball_11908.jpg,0,0,18,19
ball_9250.jpg,0,0,20,22
ball_10140.jpg,0,0,21,22
ball_12146.jpg,0,0,15,16
ball_3138.jpg,0,0,21,24
ball_3320.jpg,0,0,22,25
ball_8038.jpg,0,0,23,23
ball_10592.jpg,0,0,25,24
ball_9118.jpg,0,0,22,22
ball_3030.jpg,0,0,19,23
ball_3270.jpg,0,0,27,28
ball_11672.jpg,0,0,21,21
ball_11258.jpg,0,0,20,22
ball_3254.jpg,0,0,27,27
ball_9538.jpg,0,0,19,22
ball_11410.jpg,0,0,19,22
ball_11836.jpg,0,0,17,22
ball_11420.jpg,0,0,19,22
ball_9518.jpg,0,0,19,22
ball_10182.jpg,0,0,21,15
ball_9330.jpg,0,0,20,22
ball_3092.jpg,0,0,19,23
ball_3328.jpg,0,0,22,23
ball_11728.jpg,0,0,21,21
ball_9944.jpg,0,0,21,22
ball_9176.jpg,0,0,20,22
ball_9374.jpg,0,0,20,22
ball_9628.jpg,0,0,19,22
ball_10166.jpg,0,0,23,14
ball_10398.jpg,0,0,25,24
ball_11654.jpg,0,0,21,21
ball_10454.jpg,0,0,25,24
ball_10052.jpg,0,0,21,22
ball_11878.jpg,0,0,18,21
ball_9986.jpg,0,0,21,22
ball_10284.jpg,0,0,25,24
ball_11584.jpg,0,0,19,22
ball_11366.jpg,0,0,19,22
ball_11650.jpg,0,0,21,21
ball_10392.jpg,0,0,25,24
ball_9648.jpg,0,0,19,22
ball_9696.jpg,0,0,19,22
ball_3300.jpg,0,0,23,22
ball_9682.jpg,0,0,19,22
ball_9398.jpg,0,0,20,22
ball_11486.jpg,0,0,19,22
ball_11630.jpg,0,0,21,21
ball_11694.jpg,0,0,21,21
ball_9102.jpg,0,0,22,22
ball_9158.jpg,0,0,20,22
ball_10322.jpg,0,0,25,24
ball_11632.jpg,0,0,21,21
ball_11430.jpg,0,0,19,22
ball_11768.jpg,0,0,21,21
ball_12100.jpg,0,0,15,18
ball_10018.jpg,0,0,21,22
ball_3130.jpg,0,0,21,20
ball_12018.jpg,0,0,15,18
ball_10280.jpg,0,0,25,24
ball_3072.jpg,0,0,20,21
ball_11442.jpg,0,0,19,22
ball_3222.jpg,0,0,24,25
ball_9268.jpg,0,0,20,22
ball_12032.jpg,0,0,16,17
ball_12206.jpg,0,0,16,18
ball_3492.jpg,0,0,22,23
ball_10098.jpg,0,0,20,20
ball_10518.jpg,0,0,25,24
ball_3498.jpg,0,0,23,21
ball_9188.jpg,0,0,20,22
ball_3122.jpg,0,0,26,26
ball_11330.jpg,0,0,19,22
ball_10490.jpg,0,0,25,24
ball_9294.jpg,0,0,20,22
ball_12028.jpg,0,0,15,18
ball_12118.jpg,0,0,15,18
ball_9430.jpg,0,0,20,22
ball_9498.jpg,0,0,20,22
ball_12126.jpg,0,0,16,16
ball_9182.jpg,0,0,20,22
ball_10556.jpg,0,0,25,24
ball_9548.jpg,0,0,19,22
ball_9658.jpg,0,0,19,22
ball_11154.jpg,0,0,19,22
ball_10216.jpg,0,0,22,22
ball_3502.jpg,0,0,23,21
ball_12296.jpg,0,0,15,18
ball_9198.jpg,0,0,20,22
ball_3034.jpg,0,0,19,21
ball_10080.jpg,0,0,21,22
ball_9464.jpg,0,0,20,22
ball_11678.jpg,0,0,21,21
ball_10026.jpg,0,0,21,22
ball_12304.jpg,0,0,15,18
ball_11596.jpg,0,0,19,22
ball_12056.jpg,0,0,17,18
ball_9984.jpg,0,0,21,22
ball_10626.jpg,0,0,25,24
ball_9992.jpg,0,0,21,22
ball_9366.jpg,0,0,20,22
ball_12402.jpg,0,0,16,19
ball_9212.jpg,0,0,20,22
ball_11130.jpg,0,0,20,22
ball_10148.jpg,0,0,21,20
ball_3108.jpg,0,0,22,23
ball_11516.jpg,0,0,19,22
ball_12084.jpg,0,0,17,18
ball_11660.jpg,0,0,21,21
ball_9970.jpg,0,0,21,22
ball_9120.jpg,0,0,22,22
ball_10314.jpg,0,0,25,24
ball_3340.jpg,0,0,25,23
ball_3344.jpg,0,0,20,22
ball_10010.jpg,0,0,21,22
ball_11854.jpg,0,0,19,21
ball_9560.jpg,0,0,19,22
ball_9656.jpg,0,0,19,22
ball_11336.jpg,0,0,19,22
ball_11244.jpg,0,0,20,22
ball_3382.jpg,0,0,25,23
ball_3434.jpg,0,0,22,22
ball_9990.jpg,0,0,21,22
ball_12036.jpg,0,0,16,18
ball_12238.jpg,0,0,15,18
ball_12340.jpg,0,0,15,18
ball_12276.jpg,0,0,15,18
ball_3480.jpg,0,0,24,23
ball_9580.jpg,0,0,19,22
ball_9318.jpg,0,0,20,22
ball_9104.jpg,0,0,22,22
ball_11124.jpg,0,0,20,22
ball_3390.jpg,0,0,24,23
ball_3282.jpg,0,0,22,24
ball_12176.jpg,0,0,15,18
ball_12008.jpg,0,0,17,18
ball_9604.jpg,0,0,19,22
ball_12390.jpg,0,0,16,19
ball_3462.jpg,0,0,23,24
ball_9378.jpg,0,0,20,22
ball_11960.jpg,0,0,18,19
ball_11980.jpg,0,0,17,18
ball_9100.jpg,0,0,22,22
ball_12058.jpg,0,0,16,18
ball_11140.jpg,0,0,19,22
ball_12218.jpg,0,0,15,18
ball_9092.jpg,0,0,22,22
ball_3356.jpg,0,0,22,22
ball_9258.jpg,0,0,20,22
ball_10410.jpg,0,0,25,24
ball_10206.jpg,0,0,22,21
ball_11308.jpg,0,0,19,22
ball_9492.jpg,0,0,20,22
ball_3082.jpg,0,0,22,23
ball_11884.jpg,0,0,17,20
ball_12022.jpg,0,0,15,18
ball_9574.jpg,0,0,19,22
ball_3050.jpg,0,0,21,23
ball_9274.jpg,0,0,20,22
ball_10396.jpg,0,0,25,24
ball_12184.jpg,0,0,15,15
ball_11200.jpg,0,0,20,23
ball_9126.jpg,0,0,22,22
ball_9244.jpg,0,0,20,22
ball_3386.jpg,0,0,22,22
ball_3538.jpg,0,0,23,20
ball_11590.jpg,0,0,19,22
ball_10430.jpg,0,0,25,24
ball_10020.jpg,0,0,21,22
ball_11738.jpg,0,0,21,21
ball_10330.jpg,0,0,25,24
ball_12004.jpg,0,0,16,18
ball_9964.jpg,0,0,21,22
ball_11284.jpg,0,0,19,22
ball_3478.jpg,0,0,24,23
ball_10074.jpg,0,0,21,22
ball_11810.jpg,0,0,18,17
ball_7994.jpg,0,0,23,23
ball_10212.jpg,0,0,22,22
ball_10404.jpg,0,0,25,24
ball_10218.jpg,0,0,22,22
ball_10062.jpg,0,0,21,22
ball_11754.jpg,0,0,21,21
ball_3178.jpg,0,0,23,25
ball_12190.jpg,0,0,17,17
ball_9434.jpg,0,0,20,22
ball_10610.jpg,0,0,25,24
ball_12160.jpg,0,0,15,18
ball_9954.jpg,0,0,21,22
ball_9632.jpg,0,0,19,22
ball_12090.jpg,0,0,16,17
ball_3474.jpg,0,0,22,25
ball_9262.jpg,0,0,20,22
ball_3238.jpg,0,0,27,25
ball_12274.jpg,0,0,15,18
ball_3132.jpg,0,0,23,23
ball_9448.jpg,0,0,20,22
ball_11998.jpg,0,0,15,18
ball_11490.jpg,0,0,19,22
ball_10520.jpg,0,0,25,24
ball_10546.jpg,0,0,25,24
ball_12012.jpg,0,0,17,18
ball_3154.jpg,0,0,23,25
ball_3192.jpg,0,0,28,28
ball_10514.jpg,0,0,25,24
ball_11290.jpg,0,0,19,22
ball_11498.jpg,0,0,19,22
ball_11620.jpg,0,0,19,22
ball_3284.jpg,0,0,20,24
ball_10326.jpg,0,0,25,24
ball_3324.jpg,0,0,24,24
ball_9608.jpg,0,0,19,22
ball_11762.jpg,0,0,21,21
ball_9232.jpg,0,0,20,22
ball_3068.jpg,0,0,19,22
ball_10250.jpg,0,0,25,24
ball_12108.jpg,0,0,15,18
ball_3330.jpg,0,0,24,19
ball_11288.jpg,0,0,19,22
ball_3394.jpg,0,0,21,22
ball_12400.jpg,0,0,16,19
ball_3352.jpg,0,0,21,21
ball_11306.jpg,0,0,19,22
ball_7978.jpg,0,0,23,23
ball_11742.jpg,0,0,21,21
ball_10374.jpg,0,0,25,24
ball_10366.jpg,0,0,25,24
ball_9452.jpg,0,0,20,22
ball_11830.jpg,0,0,18,20
ball_12112.jpg,0,0,16,18
ball_11546.jpg,0,0,19,22
ball_10494.jpg,0,0,25,24
ball_11792.jpg,0,0,21,21
ball_11746.jpg,0,0,21,21
ball_11534.jpg,0,0,19,22
ball_9234.jpg,0,0,20,22
ball_8000.jpg,0,0,23,23
ball_9300.jpg,0,0,20,22
ball_8028.jpg,0,0,23,23
ball_3128.jpg,0,0,21,23
ball_10548.jpg,0,0,25,24
ball_10448.jpg,0,0,25,24
ball_10388.jpg,0,0,25,24
ball_3374.jpg,0,0,21,21
ball_11662.jpg,0,0,21,21
ball_3360.jpg,0,0,26,23
ball_10318.jpg,0,0,25,24
ball_11758.jpg,0,0,21,21
ball_11232.jpg,0,0,20,22
ball_12212.jpg,0,0,15,18
ball_9180.jpg,0,0,20,22
ball_10076.jpg,0,0,21,22
ball_11826.jpg,0,0,17,20
ball_11112.jpg,0,0,20,22
ball_10486.jpg,0,0,25,24
ball_11844.jpg,0,0,18,21
ball_11990.jpg,0,0,17,19
ball_12006.jpg,0,0,17,17
ball_3398.jpg,0,0,23,23
