ball_14552.jpg,0,0,16,16,green
ball_13904.jpg,0,0,17,18,green
ball_15847.jpg,0,0,18,18,green
ball_14564.jpg,0,0,16,16,green
ball_14561.jpg,0,0,17,17,green
ball_16237.jpg,0,0,16,16,green
ball_14352.jpg,0,0,19,19,green
ball_14585.jpg,0,0,17,17,green
ball_15244.jpg,0,0,18,18,green
ball_14078.jpg,0,0,16,16,green
ball_12914.jpg,0,0,17,18,green
ball_12720.jpg,0,0,15,16,green
ball_13874.jpg,0,0,19,19,green
ball_16367.jpg,0,0,17,17,green
ball_16124.jpg,0,0,17,17,green
ball_13877.jpg,0,0,18,18,green
ball_13412.jpg,0,0,19,19,green
ball_13630.jpg,0,0,18,18,green
ball_16144.jpg,0,0,16,16,green
ball_12895.jpg,0,0,18,18,green
ball_13398.jpg,0,0,17,17,green
ball_13488.jpg,0,0,17,17,green
ball_16369.jpg,0,0,18,17,green
ball_15210.jpg,0,0,16,16,green
ball_12897.jpg,0,0,16,16,green
ball_14340.jpg,0,0,19,19,green
ball_14875.jpg,0,0,16,16,green
ball_12865.jpg,0,0,17,17,green
ball_14074.jpg,0,0,16,16,green
ball_13654.jpg,0,0,16,16,green
ball_14185.jpg,0,0,17,17,green
ball_14566.jpg,0,0,18,18,green
ball_16005.jpg,0,0,16,16,green
ball_13511.jpg,0,0,16,16,green
ball_16377.jpg,0,0,16,16,green
ball_14204.jpg,0,0,16,16,green
ball_16221.jpg,0,0,16,16,green
ball_13294.jpg,0,0,17,19,green
ball_15068.jpg,0,0,15,16,green
ball_15413.jpg,0,0,19,19,green
ball_16117.jpg,0,0,18,18,green
ball_13905.jpg,0,0,17,19,green
ball_13878.jpg,0,0,19,19,green
ball_16138.jpg,0,0,18,18,green
ball_15072.jpg,0,0,15,16,green
ball_16216.jpg,0,0,18,18,green
ball_15099.jpg,0,0,14,14,green
ball_13379.jpg,0,0,18,18,green
ball_15722.jpg,0,0,16,16,green
ball_13298.jpg,0,0,19,18,green
ball_14836.jpg,0,0,18,18,green
ball_15236.jpg,0,0,18,18,green
ball_15415.jpg,0,0,17,17,green
ball_13505.jpg,0,0,18,18,green
ball_12917.jpg,0,0,16,18,green
ball_15217.jpg,0,0,19,19,green
ball_15437.jpg,0,0,16,16,green
ball_15074.jpg,0,0,14,16,green
ball_14819.jpg,0,0,16,16,green
ball_13107.jpg,0,0,16,16,green
ball_13416.jpg,0,0,16,16,green
ball_12525.jpg,0,0,26,24,green
ball_12935.jpg,0,0,16,16,green
ball_12742.jpg,0,0,16,16,green
ball_14595.jpg,0,0,16,16,green
ball_15431.jpg,0,0,17,17,green
ball_14852.jpg,0,0,18,18,green
ball_13408.jpg,0,0,19,19,green
ball_16133.jpg,0,0,18,18,green
ball_12920.jpg,0,0,17,17,green
ball_16240.jpg,0,0,16,16,green
ball_16382.jpg,0,0,16,16,green
ball_12537.jpg,0,0,16,16,green
ball_12734.jpg,0,0,16,16,green
ball_13476.jpg,0,0,17,17,green
ball_13501.jpg,0,0,18,18,green
ball_14200.jpg,0,0,16,16,green
ball_13934.jpg,0,0,16,16,green
ball_15101.jpg,0,0,13,14,green
ball_16146.jpg,0,0,16,16,green
ball_14179.jpg,0,0,19,19,green
ball_15861.jpg,0,0,16,16,green
ball_15219.jpg,0,0,17,17,green
ball_14354.jpg,0,0,16,16,green
ball_12609.jpg,0,0,16,16,green
ball_14551.jpg,0,0,26,26,green
ball_15398.jpg,0,0,16,16,green
ball_14587.jpg,0,0,19,19,green
ball_14557.jpg,0,0,17,17,green
ball_13292.jpg,0,0,17,17,green
ball_12705.jpg,0,0,17,17,green
ball_14594.jpg,0,0,16,16,green
ball_13380.jpg,0,0,19,19,green
ball_15397.jpg,0,0,21,21,green
ball_16368.jpg,0,0,18,17,green
ball_13287.jpg,0,0,16,16,green
ball_13920.jpg,0,0,18,17,green
ball_13284.jpg,0,0,17,17,green
ball_12530.jpg,0,0,16,16,green
ball_13123.jpg,0,0,16,16,green
ball_13117.jpg,0,0,18,18,green
ball_13895.jpg,0,0,17,17,green
ball_16104.jpg,0,0,17,17,green
ball_14195.jpg,0,0,19,19,green
ball_14324.jpg,0,0,19,19,green
ball_13297.jpg,0,0,18,18,green
ball_14857.jpg,0,0,19,19,green
ball_14328.jpg,0,0,19,19,green
ball_14812.jpg,0,0,17,17,green
ball_12889.jpg,0,0,17,17,green
ball_14058.jpg,0,0,19,19,green
ball_14811.jpg,0,0,16,16,green
ball_13611.jpg,0,0,29,29,green
ball_15069.jpg,0,0,15,16,green
ball_13508.jpg,0,0,16,16,green
ball_13394.jpg,0,0,17,17,green
ball_14205.jpg,0,0,17,17,green
ball_13326.jpg,0,0,16,16,green
ball_14578.jpg,0,0,18,18,green
ball_12622.jpg,0,0,16,16,green
ball_14216.jpg,0,0,16,16,green
ball_14863.jpg,0,0,17,17,green
ball_15087.jpg,0,0,14,15,green
ball_12911.jpg,0,0,16,16,green
ball_14048.jpg,0,0,17,17,green
ball_12884.jpg,0,0,16,16,green
ball_15965.jpg,0,0,19,19,green
ball_15685.jpg,0,0,17,17,green
ball_15829.jpg,0,0,16,16,green
ball_15716.jpg,0,0,16,16,green
ball_14837.jpg,0,0,19,19,green
ball_15709.jpg,0,0,17,17,green
ball_13478.jpg,0,0,19,19,green
ball_13655.jpg,0,0,16,16,green
ball_14183.jpg,0,0,19,19,green
ball_16202.jpg,0,0,17,17,green
ball_16210.jpg,0,0,17,17,green
ball_13318.jpg,0,0,17,17,green
ball_13635.jpg,0,0,19,19,green
ball_12926.jpg,0,0,17,17,green
ball_13496.jpg,0,0,17,17,green
ball_15405.jpg,0,0,19,19,green
ball_15844.jpg,0,0,19,19,green
ball_13109.jpg,0,0,18,18,green
ball_12721.jpg,0,0,16,15,green
ball_14817.jpg,0,0,18,18,green
ball_15442.jpg,0,0,16,16,green
ball_12948.jpg,0,0,16,16,green
ball_14041.jpg,0,0,18,18,green
ball_13848.jpg,0,0,17,17,green
ball_15842.jpg,0,0,17,17,green
ball_14187.jpg,0,0,19,19,green
ball_13871.jpg,0,0,16,16,green
ball_16378.jpg,0,0,16,16,green
ball_13852.jpg,0,0,17,17,green
ball_16134.jpg,0,0,19,18,green
ball_13415.jpg,0,0,16,16,green
ball_13648.jpg,0,0,16,16,green
ball_12869.jpg,0,0,17,17,green
ball_16233.jpg,0,0,16,16,green
ball_13407.jpg,0,0,18,18,green
ball_14051.jpg,0,0,16,16,green
ball_15701.jpg,0,0,17,17,green
ball_14814.jpg,0,0,19,19,green
ball_14845.jpg,0,0,19,19,green
ball_15080.jpg,0,0,13,16,green
ball_12613.jpg,0,0,16,16,green
ball_12611.jpg,0,0,16,16,green
ball_14218.jpg,0,0,16,16,green
ball_14054.jpg,0,0,19,19,green
ball_13859.jpg,0,0,16,16,green
ball_13907.jpg,0,0,17,17,green
ball_13111.jpg,0,0,16,16,green
ball_15832.jpg,0,0,19,19,green
ball_15076.jpg,0,0,14,16,green
ball_14800.jpg,0,0,17,17,green
ball_15708.jpg,0,0,16,16,green
ball_14321.jpg,0,0,16,16,green
ball_15699.jpg,0,0,19,19,green
ball_14045.jpg,0,0,18,18,green
ball_14208.jpg,0,0,16,16,green
ball_13395.jpg,0,0,18,18,green
ball_13494.jpg,0,0,19,19,green
ball_15410.jpg,0,0,16,16,green
ball_13293.jpg,0,0,17,18,green
ball_15846.jpg,0,0,17,17,green
ball_13289.jpg,0,0,18,18,green
ball_12950.jpg,0,0,16,16,green
ball_14581.jpg,0,0,17,17,green
ball_16125.jpg,0,0,18,18,green
ball_15229.jpg,0,0,19,19,green
ball_13930.jpg,0,0,16,16,green
ball_15440.jpg,0,0,16,16,green
ball_15972.jpg,0,0,18,18,green
ball_13376.jpg,0,0,25,25,green
ball_13879.jpg,0,0,16,16,green
ball_12915.jpg,0,0,16,16,green
ball_12713.jpg,0,0,16,15,green
ball_13914.jpg,0,0,16,16,green
ball_14039.jpg,0,0,16,16,green
ball_13115.jpg,0,0,16,16,green
ball_14843.jpg,0,0,17,17,green
ball_13634.jpg,0,0,18,18,green
ball_16340.jpg,0,0,18,18,green
ball_12732.jpg,0,0,16,16,green
ball_14338.jpg,0,0,17,17,green
ball_16342.jpg,0,0,16,16,green
ball_14563.jpg,0,0,19,19,green
ball_13495.jpg,0,0,16,16,green
ball_14207.jpg,0,0,19,19,green
ball_13880.jpg,0,0,17,17,green
ball_14560.jpg,0,0,16,16,green
ball_15401.jpg,0,0,19,19,green
ball_15234.jpg,0,0,16,16,green
ball_14846.jpg,0,0,16,16,green
ball_12614.jpg,0,0,16,16,green
ball_15213.jpg,0,0,19,19,green
ball_15715.jpg,0,0,19,19,green
ball_13095.jpg,0,0,16,16,green
ball_14568.jpg,0,0,16,16,green
ball_12909.jpg,0,0,18,18,green
ball_13867.jpg,0,0,16,16,green
ball_13883.jpg,0,0,16,16,green
ball_14584.jpg,0,0,16,16,green
ball_12871.jpg,0,0,18,19,green
ball_13614.jpg,0,0,18,18,green
ball_12932.jpg,0,0,17,16,green
ball_12951.jpg,0,0,16,16,green
ball_14059.jpg,0,0,16,16,green
ball_15680.jpg,0,0,16,16,green
ball_13396.jpg,0,0,19,19,green
ball_15839.jpg,0,0,18,18,green
ball_14877.jpg,0,0,16,16,green
ball_13409.jpg,0,0,16,16,green
ball_15214.jpg,0,0,16,16,green
ball_12872.jpg,0,0,16,16,green
ball_15822.jpg,0,0,17,17,green
ball_12706.jpg,0,0,16,16,green
ball_15096.jpg,0,0,15,14,green
ball_16002.jpg,0,0,16,16,green
ball_16130.jpg,0,0,19,18,green
ball_16207.jpg,0,0,17,18,green
ball_15250.jpg,0,0,16,16,green
ball_13916.jpg,0,0,17,18,green
ball_15825.jpg,0,0,16,16,green
ball_12621.jpg,0,0,16,16,green
ball_14576.jpg,0,0,16,16,green
ball_14184.jpg,0,0,16,16,green
ball_15238.jpg,0,0,16,16,green
ball_15093.jpg,0,0,15,14,green
ball_15221.jpg,0,0,19,19,green
ball_16360.jpg,0,0,17,18,green
ball_12719.jpg,0,0,16,16,green
ball_14866.jpg,0,0,16,16,green
ball_14052.jpg,0,0,17,17,green
ball_12927.jpg,0,0,16,16,green
ball_13098.jpg,0,0,19,19,green
ball_12743.jpg,0,0,16,16,green
ball_16212.jpg,0,0,19,18,green
ball_12898.jpg,0,0,16,16,green
ball_16200.jpg,0,0,19,19,green
ball_14062.jpg,0,0,19,19,green
ball_13860.jpg,0,0,17,17,green
ball_15859.jpg,0,0,16,16,green
ball_13489.jpg,0,0,18,18,green
ball_13122.jpg,0,0,19,18,green
ball_14577.jpg,0,0,17,17,green
ball_13650.jpg,0,0,16,16,green
ball_15106.jpg,0,0,14,16,green
ball_14331.jpg,0,0,18,18,green
ball_14803.jpg,0,0,16,16,green
ball_16356.jpg,0,0,18,18,green
ball_12605.jpg,0,0,20,22,green
ball_14823.jpg,0,0,16,16,green
ball_15406.jpg,0,0,16,16,green
ball_13498.jpg,0,0,19,19,green
ball_13108.jpg,0,0,17,17,green
ball_15976.jpg,0,0,18,18,green
ball_12538.jpg,0,0,16,16,green
ball_16236.jpg,0,0,16,16,green
ball_14590.jpg,0,0,16,16,green
ball_15994.jpg,0,0,16,16,green
ball_14802.jpg,0,0,19,19,green
ball_15089.jpg,0,0,13,15,green
ball_15864.jpg,0,0,16,16,green
ball_15858.jpg,0,0,16,16,green
ball_13917.jpg,0,0,17,18,green
ball_13101.jpg,0,0,18,18,green
ball_12729.jpg,0,0,16,16,green
ball_15693.jpg,0,0,17,17,green
ball_13315.jpg,0,0,16,16,green
ball_15986.jpg,0,0,16,16,green
ball_14326.jpg,0,0,17,17,green
ball_12716.jpg,0,0,16,16,green
ball_14359.jpg,0,0,16,16,green
ball_16346.jpg,0,0,16,16,green
ball_13392.jpg,0,0,19,19,green
ball_13507.jpg,0,0,16,16,green
ball_12735.jpg,0,0,16,16,green
ball_13901.jpg,0,0,18,19,green
ball_13513.jpg,0,0,16,16,green
ball_14049.jpg,0,0,18,18,green
ball_15823.jpg,0,0,18,18,green
ball_14869.jpg,0,0,19,19,green
ball_14558.jpg,0,0,18,18,green
ball_13935.jpg,0,0,16,16,green
ball_13128.jpg,0,0,17,17,green
ball_12495.jpg,0,0,16,16,green
ball_13933.jpg,0,0,16,16,green
ball_14194.jpg,0,0,18,18,green
ball_13622.jpg,0,0,18,18,green
ball_13506.jpg,0,0,19,19,green
ball_12925.jpg,0,0,17,17,green
ball_13132.jpg,0,0,16,16,green
ball_13616.jpg,0,0,16,16,green
ball_13936.jpg,0,0,16,16,green
ball_12896.jpg,0,0,16,16,green
ball_15085.jpg,0,0,14,15,green
ball_14829.jpg,0,0,16,16,green
ball_15721.jpg,0,0,16,16,green
ball_14804.jpg,0,0,17,17,green
ball_14830.jpg,0,0,16,16,green
ball_12502.jpg,0,0,16,16,green
ball_13912.jpg,0,0,18,18,green
ball_15086.jpg,0,0,14,15,green
ball_15998.jpg,0,0,16,16,green
ball_15209.jpg,0,0,25,25,green
ball_13625.jpg,0,0,17,17,green
ball_13856.jpg,0,0,17,17,green
ball_16113.jpg,0,0,18,18,green
ball_13931.jpg,0,0,16,16,green
ball_15435.jpg,0,0,16,16,green
ball_12946.jpg,0,0,16,16,green
ball_15681.jpg,0,0,17,17,green
ball_13300.jpg,0,0,17,17,green
ball_13106.jpg,0,0,18,19,green
ball_15982.jpg,0,0,16,16,green
ball_14826.jpg,0,0,16,16,green
ball_13885.jpg,0,0,16,16,green
ball_13314.jpg,0,0,18,17,green
ball_12710.jpg,0,0,16,16,green
ball_14799.jpg,0,0,16,16,green
ball_16123.jpg,0,0,16,16,green
ball_16196.jpg,0,0,19,19,green
ball_15403.jpg,0,0,17,17,green
ball_14212.jpg,0,0,16,16,green
ball_13618.jpg,0,0,18,18,green
ball_13387.jpg,0,0,18,18,green
ball_15225.jpg,0,0,19,19,green
ball_13652.jpg,0,0,16,16,green
ball_15968.jpg,0,0,18,18,green
ball_16363.jpg,0,0,17,17,green
ball_14798.jpg,0,0,19,19,green
ball_16223.jpg,0,0,18,17,green
ball_16220.jpg,0,0,17,18,green
ball_12901.jpg,0,0,16,16,green
ball_13419.jpg,0,0,16,16,green
ball_13283.jpg,0,0,16,16,green
ball_13896.jpg,0,0,18,18,green
ball_14842.jpg,0,0,16,16,green
ball_15245.jpg,0,0,19,19,green
ball_16380.jpg,0,0,16,16,green
ball_15092.jpg,0,0,13,15,green
ball_15856.jpg,0,0,19,19,green
ball_13869.jpg,0,0,18,18,green
ball_16239.jpg,0,0,16,16,green
ball_13310.jpg,0,0,19,17,green
ball_14069.jpg,0,0,18,18,green
ball_14593.jpg,0,0,16,16,green
ball_13636.jpg,0,0,16,16,green
ball_13385.jpg,0,0,16,16,green
ball_14056.jpg,0,0,17,17,green
ball_14853.jpg,0,0,19,19,green
ball_16003.jpg,0,0,16,16,green
ball_12894.jpg,0,0,18,18,green
ball_16350.jpg,0,0,16,16,green
ball_13510.jpg,0,0,16,16,green
ball_15228.jpg,0,0,18,18,green
ball_13302.jpg,0,0,18,18,green
ball_13908.jpg,0,0,18,18,green
ball_14191.jpg,0,0,19,19,green
ball_12864.jpg,0,0,16,16,green
ball_12875.jpg,0,0,19,19,green
ball_15237.jpg,0,0,19,19,green
ball_12497.jpg,0,0,16,16,green
ball_16355.jpg,0,0,17,17,green
ball_12623.jpg,0,0,16,16,green
ball_15441.jpg,0,0,16,16,green
ball_14327.jpg,0,0,18,18,green
ball_12527.jpg,0,0,16,16,green
ball_14793.jpg,0,0,18,18,green
ball_13846.jpg,0,0,24,24,green
ball_16238.jpg,0,0,16,16,green
ball_13926.jpg,0,0,16,16,green
ball_12877.jpg,0,0,17,17,green
ball_12709.jpg,0,0,16,16,green
ball_14071.jpg,0,0,16,16,green
ball_12726.jpg,0,0,16,16,green
ball_13503.jpg,0,0,16,16,green
ball_14554.jpg,0,0,18,18,green
ball_13493.jpg,0,0,18,18,green
ball_12924.jpg,0,0,17,17,green
ball_13898.jpg,0,0,16,16,green
ball_14360.jpg,0,0,16,16,green
ball_14353.jpg,0,0,16,16,green
ball_15717.jpg,0,0,16,16,green
ball_14827.jpg,0,0,16,16,green
ball_15211.jpg,0,0,17,17,green
ball_15082.jpg,0,0,15,15,green
ball_13388.jpg,0,0,19,19,green
ball_14177.jpg,0,0,17,17,green
ball_14808.jpg,0,0,17,17,green
ball_15412.jpg,0,0,18,18,green
ball_13897.jpg,0,0,19,19,green
ball_14813.jpg,0,0,18,18,green
ball_12947.jpg,0,0,16,16,green
ball_13893.jpg,0,0,19,19,green
ball_12862.jpg,0,0,18,18,green
ball_14075.jpg,0,0,16,16,green
ball_12496.jpg,0,0,16,16,green
ball_16213.jpg,0,0,16,16,green
ball_15083.jpg,0,0,15,15,green
ball_13285.jpg,0,0,18,18,green
ball_13391.jpg,0,0,18,18,green
ball_13928.jpg,0,0,17,17,green
ball_16126.jpg,0,0,18,19,green
ball_15991.jpg,0,0,17,17,green
ball_14356.jpg,0,0,16,16,green
ball_15070.jpg,0,0,15,16,green
ball_15078.jpg,0,0,13,16,green
ball_14794.jpg,0,0,19,19,green
ball_13922.jpg,0,0,16,16,green
ball_16371.jpg,0,0,17,17,green
ball_16359.jpg,0,0,17,17,green
ball_13915.jpg,0,0,17,17,green
ball_13881.jpg,0,0,18,18,green
ball_15108.jpg,0,0,15,15,green
ball_13491.jpg,0,0,16,16,green
ball_15993.jpg,0,0,19,19,green
ball_12890.jpg,0,0,18,18,green
ball_14329.jpg,0,0,16,16,green
ball_13647.jpg,0,0,19,19,green
ball_13876.jpg,0,0,17,17,green
ball_14816.jpg,0,0,17,17,green
ball_14841.jpg,0,0,19,19,green
ball_12930.jpg,0,0,16,17,green
ball_13383.jpg,0,0,18,18,green
ball_15975.jpg,0,0,17,17,green
ball_13321.jpg,0,0,16,16,green
ball_16361.jpg,0,0,17,18,green
ball_14839.jpg,0,0,17,17,green
ball_13311.jpg,0,0,16,16,green
ball_12891.jpg,0,0,19,18,green
ball_12492.jpg,0,0,16,16,green
ball_14790.jpg,0,0,19,19,green
ball_15841.jpg,0,0,16,16,green
ball_16354.jpg,0,0,16,16,green
ball_13130.jpg,0,0,18,18,green
ball_13882.jpg,0,0,19,19,green
ball_15419.jpg,0,0,17,17,green
ball_15830.jpg,0,0,17,17,green
ball_14596.jpg,0,0,16,16,green
ball_15428.jpg,0,0,18,18,green
ball_12906.jpg,0,0,18,18,green
ball_13481.jpg,0,0,18,18,green
ball_15850.jpg,0,0,17,17,green
ball_15851.jpg,0,0,18,18,green
ball_12526.jpg,0,0,16,16,green
ball_13487.jpg,0,0,16,16,green
ball_13646.jpg,0,0,18,18,green
ball_16366.jpg,0,0,16,16,green
ball_15853.jpg,0,0,16,16,green
ball_15436.jpg,0,0,16,16,green
ball_13320.jpg,0,0,16,16,green
ball_15854.jpg,0,0,17,17,green
ball_13641.jpg,0,0,17,17,green
ball_16001.jpg,0,0,16,16,green
ball_13866.jpg,0,0,19,19,green
ball_12501.jpg,0,0,16,16,green
ball_13327.jpg,0,0,16,16,green
ball_15711.jpg,0,0,19,19,green
ball_15404.jpg,0,0,18,18,green
ball_12730.jpg,0,0,16,16,green
ball_12888.jpg,0,0,16,16,green
ball_13113.jpg,0,0,18,18,green
ball_14848.jpg,0,0,18,18,green
ball_15702.jpg,0,0,18,18,green
ball_15427.jpg,0,0,17,17,green
ball_14351.jpg,0,0,18,18,green
ball_13120.jpg,0,0,17,17,green
ball_12728.jpg,0,0,16,16,green
ball_14579.jpg,0,0,19,19,green
ball_16231.jpg,0,0,17,17,green
ball_13870.jpg,0,0,19,19,green
ball_12892.jpg,0,0,16,16,green
ball_12881.jpg,0,0,17,17,green
ball_12916.jpg,0,0,16,17,green
ball_14181.jpg,0,0,17,17,green
ball_12739.jpg,0,0,16,16,green
ball_15989.jpg,0,0,19,19,green
ball_12882.jpg,0,0,18,18,green
ball_15407.jpg,0,0,17,17,green
ball_16357.jpg,0,0,18,18,green
ball_13612.jpg,0,0,16,16,green
ball_12708.jpg,0,0,15,16,green
ball_15218.jpg,0,0,16,16,green
ball_13420.jpg,0,0,16,16,green
ball_12727.jpg,0,0,16,16,green
ball_13421.jpg,0,0,16,16,green
ball_14064.jpg,0,0,17,17,green
ball_13485.jpg,0,0,18,18,green
ball_16116.jpg,0,0,17,17,green
ball_12878.jpg,0,0,18,18,green
ball_13483.jpg,0,0,16,16,green
ball_15836.jpg,0,0,19,19,green
ball_12868.jpg,0,0,16,16,green
ball_15691.jpg,0,0,19,19,green
ball_13937.jpg,0,0,16,16,green
ball_16364.jpg,0,0,18,17,green
ball_12725.jpg,0,0,18,19,green
ball_15690.jpg,0,0,18,18,green
ball_16344.jpg,0,0,18,18,green
ball_13863.jpg,0,0,16,16,green
ball_13929.jpg,0,0,17,17,green
ball_14871.jpg,0,0,16,16,green
ball_15963.jpg,0,0,17,17,green
ball_16349.jpg,0,0,17,19,green
ball_14838.jpg,0,0,16,16,green
ball_14196.jpg,0,0,16,16,green
ball_14575.jpg,0,0,19,19,green
ball_12617.jpg,0,0,16,16,green
ball_12944.jpg,0,0,16,16,green
ball_16219.jpg,0,0,17,18,green
ball_13873.jpg,0,0,18,18,green
ball_14858.jpg,0,0,16,16,green
ball_16343.jpg,0,0,17,17,green
ball_12929.jpg,0,0,16,17,green
ball_16102.jpg,0,0,20,20,green
ball_13112.jpg,0,0,17,17,green
ball_12937.jpg,0,0,17,16,green
ball_13490.jpg,0,0,19,19,green
ball_14061.jpg,0,0,18,18,green
ball_14188.jpg,0,0,16,16,green
ball_16373.jpg,0,0,17,17,green
ball_14358.jpg,0,0,16,16,green
ball_13403.jpg,0,0,18,18,green
ball_15254.jpg,0,0,16,16,green
ball_16217.jpg,0,0,16,16,green
ball_12900.jpg,0,0,16,16,green
ball_15840.jpg,0,0,19,19,green
ball_13104.jpg,0,0,17,17,green
ball_13512.jpg,0,0,16,16,green
ball_13118.jpg,0,0,18,19,green
ball_15241.jpg,0,0,19,19,green
ball_14565.jpg,0,0,17,17,green
ball_15400.jpg,0,0,18,18,green
ball_14213.jpg,0,0,16,16,green
ball_14847.jpg,0,0,17,17,green
ball_12714.jpg,0,0,15,15,green
ball_12500.jpg,0,0,16,16,green
ball_13389.jpg,0,0,16,16,green
ball_15438.jpg,0,0,16,16,green
ball_13136.jpg,0,0,16,16,green
ball_13119.jpg,0,0,16,16,green
ball_16111.jpg,0,0,16,16,green
ball_13486.jpg,0,0,19,19,green
ball_13617.jpg,0,0,17,17,green
ball_14850.jpg,0,0,16,16,green
ball_16109.jpg,0,0,18,18,green
ball_13919.jpg,0,0,17,17,green
ball_14201.jpg,0,0,17,17,green
ball_12718.jpg,0,0,16,16,green
ball_13868.jpg,0,0,17,17,green
ball_12717.jpg,0,0,15,16,green
ball_15703.jpg,0,0,19,19,green
ball_12887.jpg,0,0,19,18,green
ball_15697.jpg,0,0,17,17,green
ball_12873.jpg,0,0,17,17,green
ball_14583.jpg,0,0,19,19,green
ball_12923.jpg,0,0,16,16,green
ball_13902.jpg,0,0,16,16,green
ball_15243.jpg,0,0,17,17,green
ball_14805.jpg,0,0,18,18,green
ball_13129.jpg,0,0,18,18,green
ball_13925.jpg,0,0,18,17,green
ball_13309.jpg,0,0,18,17,green
ball_16108.jpg,0,0,17,17,green
ball_15097.jpg,0,0,14,14,green
ball_12498.jpg,0,0,16,16,green
ball_16145.jpg,0,0,16,16,green
ball_14342.jpg,0,0,17,17,green
ball_15995.jpg,0,0,17,17,green
ball_15977.jpg,0,0,19,19,green
ball_13492.jpg,0,0,17,17,green
ball_15430.jpg,0,0,16,16,green
ball_15434.jpg,0,0,16,16,green
ball_15251.jpg,0,0,16,16,green
ball_15252.jpg,0,0,16,16,green
ball_16341.jpg,0,0,19,19,green
ball_13473.jpg,0,0,18,18,green
ball_15838.jpg,0,0,17,17,green
ball_14851.jpg,0,0,17,17,green
ball_14343.jpg,0,0,18,18,green
ball_14038.jpg,0,0,19,19,green
ball_14316.jpg,0,0,25,25,green
ball_13886.jpg,0,0,16,16,green
ball_12903.jpg,0,0,16,16,green
ball_16103.jpg,0,0,16,16,green
ball_14050.jpg,0,0,19,19,green
ball_15974.jpg,0,0,16,16,green
ball_12943.jpg,0,0,16,16,green
ball_16376.jpg,0,0,16,16,green
ball_14789.jpg,0,0,18,18,green
ball_12736.jpg,0,0,16,16,green
ball_13903.jpg,0,0,17,17,green
ball_14571.jpg,0,0,19,19,green
ball_16106.jpg,0,0,19,19,green
ball_13290.jpg,0,0,18,19,green
ball_15232.jpg,0,0,18,18,green
ball_13899.jpg,0,0,17,17,green
ball_13405.jpg,0,0,16,16,green
ball_16140.jpg,0,0,16,16,green
ball_13932.jpg,0,0,16,16,green
ball_13404.jpg,0,0,19,19,green
ball_13651.jpg,0,0,16,16,green
ball_16201.jpg,0,0,16,16,green
ball_12489.jpg,0,0,16,16,green
ball_13891.jpg,0,0,16,16,green
ball_13894.jpg,0,0,16,16,green
ball_12528.jpg,0,0,16,16,green
ball_12866.jpg,0,0,18,18,green
ball_15102.jpg,0,0,13,14,green
ball_14874.jpg,0,0,16,16,green
ball_13621.jpg,0,0,17,17,green
ball_12607.jpg,0,0,16,16,green
ball_15987.jpg,0,0,17,17,green
ball_14855.jpg,0,0,17,17,green
ball_13613.jpg,0,0,17,17,green
ball_12534.jpg,0,0,16,16,green
ball_14055.jpg,0,0,16,16,green
ball_12913.jpg,0,0,17,18,green
ball_13099.jpg,0,0,16,16,green
ball_16000.jpg,0,0,16,16,green
ball_15714.jpg,0,0,18,18,green
ball_15970.jpg,0,0,16,16,green
ball_14220.jpg,0,0,16,16,green
ball_14332.jpg,0,0,19,19,green
ball_14591.jpg,0,0,16,16,green
ball_15248.jpg,0,0,16,16,green
ball_14864.jpg,0,0,18,18,green
ball_14580.jpg,0,0,16,16,green
ball_15111.jpg,0,0,15,14,green
ball_14341.jpg,0,0,16,16,green
ball_13862.jpg,0,0,19,19,green
ball_14801.jpg,0,0,18,18,green
ball_14060.jpg,0,0,17,17,green
ball_14821.jpg,0,0,18,18,green
ball_16197.jpg,0,0,16,16,green
ball_14582.jpg,0,0,18,18,green
ball_13509.jpg,0,0,16,16,green
ball_15425.jpg,0,0,19,19,green
ball_14076.jpg,0,0,16,16,green
ball_14792.jpg,0,0,17,17,green
ball_15707.jpg,0,0,19,19,green
ball_16222.jpg,0,0,17,17,green
ball_16208.jpg,0,0,17,19,green
ball_15705.jpg,0,0,17,17,green
ball_13291.jpg,0,0,16,16,green
ball_12532.jpg,0,0,16,16,green
ball_15719.jpg,0,0,16,16,green
ball_14193.jpg,0,0,17,17,green
ball_13911.jpg,0,0,17,17,green
ball_13643.jpg,0,0,19,19,green
ball_14361.jpg,0,0,16,16,green
ball_14335.jpg,0,0,18,18,green
ball_16232.jpg,0,0,17,17,green
ball_16120.jpg,0,0,17,17,green
ball_14555.jpg,0,0,19,19,green
ball_14825.jpg,0,0,16,16,green
ball_12608.jpg,0,0,16,16,green
ball_16225.jpg,0,0,16,16,green
ball_15700.jpg,0,0,16,16,green
ball_12543.jpg,0,0,16,16,green
ball_15077.jpg,0,0,13,16,green
ball_15834.jpg,0,0,17,17,green
ball_15996.jpg,0,0,18,18,green
ball_12707.jpg,0,0,16,16,green
ball_13114.jpg,0,0,19,19,green
ball_14849.jpg,0,0,19,19,green
ball_14556.jpg,0,0,16,16,green
ball_16139.jpg,0,0,16,16,green
ball_13849.jpg,0,0,18,18,green
ball_13620.jpg,0,0,16,16,green
ball_16203.jpg,0,0,18,18,green
ball_12610.jpg,0,0,16,16,green
ball_12539.jpg,0,0,16,16,green
ball_14192.jpg,0,0,16,16,green
ball_14333.jpg,0,0,16,16,green
ball_16205.jpg,0,0,16,16,green
ball_15215.jpg,0,0,17,17,green
ball_15399.jpg,0,0,17,17,green
ball_14182.jpg,0,0,18,18,green
ball_14066.jpg,0,0,19,19,green
ball_16362.jpg,0,0,16,16,green
ball_15852.jpg,0,0,19,19,green
ball_16338.jpg,0,0,16,16,green
ball_13381.jpg,0,0,16,16,green
ball_16129.jpg,0,0,18,18,green
ball_13639.jpg,0,0,19,19,green
ball_15849.jpg,0,0,16,16,green
ball_14867.jpg,0,0,17,17,green
ball_15230.jpg,0,0,16,16,green
ball_13402.jpg,0,0,17,17,green
ball_13471.jpg,0,0,16,16,green
ball_12535.jpg,0,0,16,16,green
ball_14815.jpg,0,0,16,16,green
ball_13382.jpg,0,0,17,17,green
ball_15249.jpg,0,0,16,16,green
ball_14840.jpg,0,0,18,18,green
ball_13125.jpg,0,0,18,18,green
ball_16006.jpg,0,0,16,16,green
ball_15698.jpg,0,0,18,18,green
ball_13116.jpg,0,0,17,17,green
ball_14349.jpg,0,0,16,16,green
ball_15990.jpg,0,0,16,16,green
ball_13656.jpg,0,0,16,16,green
ball_14175.jpg,0,0,22,22,green
ball_15222.jpg,0,0,16,16,green
ball_13378.jpg,0,0,17,17,green
ball_15710.jpg,0,0,18,18,green
ball_15689.jpg,0,0,17,17,green
ball_15422.jpg,0,0,16,16,green
ball_14834.jpg,0,0,16,16,green
ball_13124.jpg,0,0,17,17,green
ball_13627.jpg,0,0,19,19,green
ball_13623.jpg,0,0,19,19,green
ball_13110.jpg,0,0,19,19,green
ball_16199.jpg,0,0,18,18,green
ball_15860.jpg,0,0,16,16,green
ball_13386.jpg,0,0,17,17,green
ball_13131.jpg,0,0,16,16,green
ball_16128.jpg,0,0,17,17,green
ball_16228.jpg,0,0,18,17,green
ball_14037.jpg,0,0,18,18,green
ball_14868.jpg,0,0,18,18,green
ball_16352.jpg,0,0,18,18,green
ball_12533.jpg,0,0,16,16,green
ball_15433.jpg,0,0,19,19,green
ball_14202.jpg,0,0,18,18,green
ball_13913.jpg,0,0,18,18,green
ball_12921.jpg,0,0,18,17,green
ball_15964.jpg,0,0,18,18,green
ball_13502.jpg,0,0,19,19,green
ball_13139.jpg,0,0,16,16,green
ball_14209.jpg,0,0,17,17,green
ball_15863.jpg,0,0,16,16,green
ball_13475.jpg,0,0,16,16,green
ball_14833.jpg,0,0,21,21,green
ball_13900.jpg,0,0,18,18,green
ball_13875.jpg,0,0,16,16,green
ball_13514.jpg,0,0,16,16,green
ball_12938.jpg,0,0,17,16,green
ball_14176.jpg,0,0,16,16,green
ball_14865.jpg,0,0,19,19,green
ball_13286.jpg,0,0,19,19,green
ball_12936.jpg,0,0,17,16,green
ball_15985.jpg,0,0,19,19,green
ball_13102.jpg,0,0,19,19,green
ball_15831.jpg,0,0,18,18,green
ball_13303.jpg,0,0,16,16,green
ball_14047.jpg,0,0,16,16,green
ball_16348.jpg,0,0,17,18,green
ball_14835.jpg,0,0,17,17,green
ball_16226.jpg,0,0,17,17,green
ball_15084.jpg,0,0,15,15,green
ball_14796.jpg,0,0,17,17,green
ball_15992.jpg,0,0,18,18,green
ball_14210.jpg,0,0,18,18,green
ball_14043.jpg,0,0,16,16,green
ball_13889.jpg,0,0,16,16,green
ball_13137.jpg,0,0,16,16,green
ball_14357.jpg,0,0,16,16,green
ball_13504.jpg,0,0,17,17,green
ball_12542.jpg,0,0,16,16,green
ball_16121.jpg,0,0,18,18,green
ball_14079.jpg,0,0,16,16,green
ball_12876.jpg,0,0,16,16,green
ball_14339.jpg,0,0,18,18,green
ball_16351.jpg,0,0,17,17,green
ball_13377.jpg,0,0,16,16,green
ball_14317.jpg,0,0,16,16,green
ball_13632.jpg,0,0,16,16,green
ball_15857.jpg,0,0,16,16,green
ball_13324.jpg,0,0,16,16,green
ball_13103.jpg,0,0,16,16,green
ball_12863.jpg,0,0,19,19,green
ball_13121.jpg,0,0,18,18,green
ball_14068.jpg,0,0,17,17,green
ball_12494.jpg,0,0,16,16,green
ball_12711.jpg,0,0,15,16,green
ball_12879.jpg,0,0,19,19,green
ball_13645.jpg,0,0,17,17,green
ball_14318.jpg,0,0,17,17,green
ball_15226.jpg,0,0,16,16,green
ball_13515.jpg,0,0,16,16,green
ball_14810.jpg,0,0,19,19,green
ball_15235.jpg,0,0,17,17,green
ball_14180.jpg,0,0,16,16,green
ball_15997.jpg,0,0,19,19,green
ball_12934.jpg,0,0,18,16,green
ball_16224.jpg,0,0,19,17,green
ball_12740.jpg,0,0,16,16,green
ball_14214.jpg,0,0,16,16,green
ball_16107.jpg,0,0,16,16,green
ball_12942.jpg,0,0,16,16,green
ball_15973.jpg,0,0,19,19,green
ball_13418.jpg,0,0,16,16,green
ball_15417.jpg,0,0,19,19,green
ball_12612.jpg,0,0,16,16,green
ball_16229.jpg,0,0,16,16,green
ball_15679.jpg,0,0,33,33,green
ball_15720.jpg,0,0,16,16,green
ball_14334.jpg,0,0,17,17,green
ball_13105.jpg,0,0,18,18,green
ball_14057.jpg,0,0,18,18,green
ball_14325.jpg,0,0,16,16,green
ball_15109.jpg,0,0,14,15,green
ball_12487.jpg,0,0,16,16,green
ball_12619.jpg,0,0,16,16,green
ball_16234.jpg,0,0,16,16,green
ball_12529.jpg,0,0,16,16,green
ball_15247.jpg,0,0,16,16,green
ball_16215.jpg,0,0,18,18,green
ball_15071.jpg,0,0,15,16,green
ball_12886.jpg,0,0,18,18,green
ball_14036.jpg,0,0,17,17,green
ball_15420.jpg,0,0,18,18,green
ball_13938.jpg,0,0,16,16,green
ball_13417.jpg,0,0,16,16,green
ball_15073.jpg,0,0,14,16,green
ball_14574.jpg,0,0,18,18,green
ball_12737.jpg,0,0,16,16,green
ball_15240.jpg,0,0,18,18,green
ball_16365.jpg,0,0,19,17,green
ball_14786.jpg,0,0,22,22,green
ball_15418.jpg,0,0,16,16,green
ball_12485.jpg,0,0,20,21,green
ball_13319.jpg,0,0,16,16,green
ball_16143.jpg,0,0,16,16,green
ball_12493.jpg,0,0,16,16,green
ball_14355.jpg,0,0,16,16,green
ball_14178.jpg,0,0,18,18,green
ball_14206.jpg,0,0,18,18,green
ball_12499.jpg,0,0,16,16,green
ball_13138.jpg,0,0,16,16,green
ball_16122.jpg,0,0,19,19,green
ball_13909.jpg,0,0,19,18,green
ball_13472.jpg,0,0,17,17,green
ball_13306.jpg,0,0,17,18,green
ball_13470.jpg,0,0,24,24,green
ball_13401.jpg,0,0,16,16,green
ball_14077.jpg,0,0,16,16,green
ball_13927.jpg,0,0,17,17,green
ball_12939.jpg,0,0,16,16,green
ball_14831.jpg,0,0,16,16,green
ball_15981.jpg,0,0,19,19,green
ball_15723.jpg,0,0,16,16,green
ball_13887.jpg,0,0,16,16,green
ball_15233.jpg,0,0,19,19,green
ball_15962.jpg,0,0,16,16,green
ball_15242.jpg,0,0,16,16,green
ball_15837.jpg,0,0,16,16,green
ball_16115.jpg,0,0,16,16,green
ball_13644.jpg,0,0,16,16,green
ball_14861.jpg,0,0,19,19,green
ball_13497.jpg,0,0,18,18,green
ball_12912.jpg,0,0,17,17,green
ball_15865.jpg,0,0,16,16,green
ball_16339.jpg,0,0,17,17,green
ball_15694.jpg,0,0,18,18,green
ball_13629.jpg,0,0,17,17,green
ball_13918.jpg,0,0,16,16,green
ball_16345.jpg,0,0,18,19,green
ball_13134.jpg,0,0,16,16,green
ball_12490.jpg,0,0,16,16,green
ball_12940.jpg,0,0,16,16,green
ball_13477.jpg,0,0,18,18,green
ball_14042.jpg,0,0,19,19,green
ball_15411.jpg,0,0,17,17,green
ball_16204.jpg,0,0,18,19,green
ball_14203.jpg,0,0,19,19,green
ball_15223.jpg,0,0,17,17,green
ball_15683.jpg,0,0,19,19,green
ball_13312.jpg,0,0,17,17,green
ball_13399.jpg,0,0,18,18,green
ball_14350.jpg,0,0,17,17,green
ball_16353.jpg,0,0,19,18,green
ball_15682.jpg,0,0,18,18,green
ball_12620.jpg,0,0,16,16,green
ball_13126.jpg,0,0,19,18,green
ball_15091.jpg,0,0,13,15,green
ball_15424.jpg,0,0,18,18,green
ball_14862.jpg,0,0,16,16,green
ball_16379.jpg,0,0,16,16,green
ball_15408.jpg,0,0,18,18,green
ball_13414.jpg,0,0,16,16,green
ball_15075.jpg,0,0,14,16,green
ball_15686.jpg,0,0,18,18,green
ball_13854.jpg,0,0,19,19,green
ball_15978.jpg,0,0,16,16,green
ball_15843.jpg,0,0,18,18,green
ball_15999.jpg,0,0,16,16,green
ball_15246.jpg,0,0,16,16,green
ball_15253.jpg,0,0,16,16,green
ball_16132.jpg,0,0,17,17,green
ball_14336.jpg,0,0,19,19,green
ball_14199.jpg,0,0,19,19,green
ball_16381.jpg,0,0,16,16,green
ball_13888.jpg,0,0,16,16,green
ball_13906.jpg,0,0,16,16,green
ball_15098.jpg,0,0,14,14,green
ball_16198.jpg,0,0,17,17,green
ball_12738.jpg,0,0,16,16,green
ball_14807.jpg,0,0,16,16,green
ball_14791.jpg,0,0,16,16,green
ball_15429.jpg,0,0,19,19,green
ball_12899.jpg,0,0,16,16,green
ball_13325.jpg,0,0,16,16,green
ball_15724.jpg,0,0,16,16,green
ball_13851.jpg,0,0,16,16,green
ball_14589.jpg,0,0,16,16,green
ball_13890.jpg,0,0,16,16,green
ball_12536.jpg,0,0,16,16,green
ball_13850.jpg,0,0,19,19,green
ball_13288.jpg,0,0,17,17,green
ball_15692.jpg,0,0,16,16,green
ball_16241.jpg,0,0,16,16,green
ball_13282.jpg,0,0,19,19,green
ball_15090.jpg,0,0,13,15,green
ball_14322.jpg,0,0,17,17,green
ball_15220.jpg,0,0,18,18,green
ball_13480.jpg,0,0,17,17,green
ball_13301.jpg,0,0,18,18,green
ball_15827.jpg,0,0,18,18,green
ball_15112.jpg,0,0,14,14,green
ball_13921.jpg,0,0,19,17,green
ball_13316.jpg,0,0,17,17,green
ball_15105.jpg,0,0,15,16,green
ball_14323.jpg,0,0,18,18,green
ball_12606.jpg,0,0,16,16,green
ball_14189.jpg,0,0,17,17,green
ball_13847.jpg,0,0,16,16,green
ball_16110.jpg,0,0,19,19,green
ball_12715.jpg,0,0,16,16,green
ball_15824.jpg,0,0,19,19,green
ball_14806.jpg,0,0,19,19,green
ball_14186.jpg,0,0,18,18,green
ball_14067.jpg,0,0,16,16,green
ball_13410.jpg,0,0,17,17,green
ball_13479.jpg,0,0,16,16,green
