ball_12760.jpg,0,0,16,16
ball_846.jpg,0,0,20,21
ball_786.jpg,0,0,20,21
ball_12753.jpg,0,0,16,16
ball_770.jpg,0,0,20,21
ball_816.jpg,0,0,20,21
ball_860.jpg,0,0,20,21
ball_864.jpg,0,0,20,21
ball_882.jpg,0,0,20,21
ball_514.jpg,0,0,20,21
ball_682.jpg,0,0,20,21
ball_798.jpg,0,0,20,21
ball_850.jpg,0,0,20,21
ball_646.jpg,0,0,20,21
ball_566.jpg,0,0,20,21
ball_12758.jpg,0,0,16,16
ball_586.jpg,0,0,20,21
ball_828.jpg,0,0,20,21
ball_880.jpg,0,0,20,21
ball_818.jpg,0,0,20,21
ball_884.jpg,0,0,20,21
ball_652.jpg,0,0,20,21
ball_826.jpg,0,0,20,21
ball_822.jpg,0,0,20,21
ball_766.jpg,0,0,20,21
ball_672.jpg,0,0,20,21
ball_604.jpg,0,0,20,21
ball_574.jpg,0,0,20,21
ball_594.jpg,0,0,20,21
ball_836.jpg,0,0,20,21
ball_838.jpg,0,0,20,21
ball_550.jpg,0,0,20,21
ball_892.jpg,0,0,20,21
ball_630.jpg,0,0,20,21
ball_768.jpg,0,0,20,21
ball_556.jpg,0,0,20,21
ball_660.jpg,0,0,20,21
ball_632.jpg,0,0,20,21
ball_810.jpg,0,0,20,21
ball_528.jpg,0,0,20,21
ball_872.jpg,0,0,20,21
ball_812.jpg,0,0,20,21
ball_694.jpg,0,0,20,21
ball_886.jpg,0,0,20,21
ball_706.jpg,0,0,20,21
ball_638.jpg,0,0,20,21
ball_868.jpg,0,0,20,21
ball_902.jpg,0,0,20,21
ball_582.jpg,0,0,20,21
ball_12747.jpg,0,0,16,16
ball_790.jpg,0,0,20,21
ball_748.jpg,0,0,20,21
ball_794.jpg,0,0,20,21
ball_570.jpg,0,0,20,21
ball_832.jpg,0,0,20,21
ball_678.jpg,0,0,20,21
ball_12751.jpg,0,0,16,16
ball_804.jpg,0,0,20,21
ball_732.jpg,0,0,20,21
ball_598.jpg,0,0,20,21
ball_746.jpg,0,0,20,21
ball_668.jpg,0,0,20,21
ball_788.jpg,0,0,20,21
ball_606.jpg,0,0,20,21
ball_900.jpg,0,0,20,21
ball_12755.jpg,0,0,16,16
ball_866.jpg,0,0,20,21
ball_704.jpg,0,0,20,21
ball_538.jpg,0,0,20,21
ball_568.jpg,0,0,20,21
ball_870.jpg,0,0,20,21
ball_720.jpg,0,0,20,21
ball_546.jpg,0,0,20,21
ball_744.jpg,0,0,20,21
ball_738.jpg,0,0,20,21
ball_536.jpg,0,0,20,21
ball_524.jpg,0,0,20,21
ball_618.jpg,0,0,20,21
ball_614.jpg,0,0,20,21
ball_548.jpg,0,0,20,21
ball_516.jpg,0,0,20,21
ball_760.jpg,0,0,20,21
ball_634.jpg,0,0,20,21
ball_664.jpg,0,0,20,21
ball_690.jpg,0,0,20,21
ball_698.jpg,0,0,20,21
ball_800.jpg,0,0,20,21
ball_620.jpg,0,0,20,21
ball_894.jpg,0,0,20,21
ball_560.jpg,0,0,20,21
ball_696.jpg,0,0,20,21
ball_750.jpg,0,0,20,21
ball_534.jpg,0,0,20,21
ball_626.jpg,0,0,20,21
ball_540.jpg,0,0,20,21
ball_806.jpg,0,0,20,21
ball_730.jpg,0,0,20,21
ball_622.jpg,0,0,20,21
ball_642.jpg,0,0,20,21
ball_564.jpg,0,0,20,21
ball_12759.jpg,0,0,16,16
ball_758.jpg,0,0,20,21
ball_776.jpg,0,0,20,21
ball_718.jpg,0,0,20,21
ball_808.jpg,0,0,20,21
ball_530.jpg,0,0,20,21
ball_862.jpg,0,0,20,21
ball_710.jpg,0,0,20,21
ball_702.jpg,0,0,20,21
ball_654.jpg,0,0,20,21
ball_580.jpg,0,0,20,21
ball_532.jpg,0,0,20,21
ball_844.jpg,0,0,20,21
ball_624.jpg,0,0,20,21
ball_688.jpg,0,0,20,21
ball_576.jpg,0,0,20,21
ball_878.jpg,0,0,20,21
ball_676.jpg,0,0,20,21
ball_522.jpg,0,0,20,21
ball_756.jpg,0,0,20,21
ball_840.jpg,0,0,20,21
ball_784.jpg,0,0,20,21
ball_736.jpg,0,0,20,21
ball_888.jpg,0,0,20,21
ball_12763.jpg,0,0,16,16
ball_820.jpg,0,0,20,21
ball_628.jpg,0,0,20,21
ball_848.jpg,0,0,20,21
ball_12752.jpg,0,0,16,16
ball_722.jpg,0,0,20,21
ball_650.jpg,0,0,20,21
ball_890.jpg,0,0,20,21
ball_752.jpg,0,0,20,21
ball_734.jpg,0,0,20,21
ball_658.jpg,0,0,20,21
ball_780.jpg,0,0,20,21
ball_674.jpg,0,0,20,21
ball_590.jpg,0,0,20,21
ball_802.jpg,0,0,20,21
ball_526.jpg,0,0,20,21
ball_852.jpg,0,0,20,21
ball_814.jpg,0,0,20,21
ball_12748.jpg,0,0,16,16
ball_666.jpg,0,0,20,21
ball_12762.jpg,0,0,16,16
ball_728.jpg,0,0,20,21
ball_636.jpg,0,0,20,21
ball_754.jpg,0,0,20,21
ball_12757.jpg,0,0,16,16
ball_874.jpg,0,0,20,21
ball_600.jpg,0,0,20,21
ball_724.jpg,0,0,20,21
ball_12749.jpg,0,0,16,16
ball_656.jpg,0,0,20,21
ball_572.jpg,0,0,20,21
ball_648.jpg,0,0,20,21
ball_544.jpg,0,0,20,21
ball_612.jpg,0,0,20,21
ball_12754.jpg,0,0,16,16
ball_596.jpg,0,0,20,21
ball_740.jpg,0,0,20,21
ball_520.jpg,0,0,20,21
ball_700.jpg,0,0,20,21
ball_640.jpg,0,0,20,21
ball_830.jpg,0,0,20,21
ball_670.jpg,0,0,20,21
ball_542.jpg,0,0,20,21
ball_714.jpg,0,0,20,21
ball_764.jpg,0,0,20,21
ball_842.jpg,0,0,20,21
ball_778.jpg,0,0,20,21
ball_680.jpg,0,0,20,21
