ball_7078.jpg,0,0,22,23,red
ball_7290.jpg,0,0,21,21,red
ball_7426.jpg,0,0,21,20,red
ball_10768.jpg,0,0,18,21,red
ball_10668.jpg,0,0,18,21,red
ball_4596.jpg,0,0,19,19,red
ball_8410.jpg,0,0,17,19,red
ball_6624.jpg,0,0,23,23,red
ball_5890.jpg,0,0,19,19,red
ball_7188.jpg,0,0,23,22,red
ball_8662.jpg,0,0,17,19,red
ball_6160.jpg,0,0,20,22,red
ball_7302.jpg,0,0,22,23,red
ball_6528.jpg,0,0,23,20,red
ball_8966.jpg,0,0,18,20,red
ball_8758.jpg,0,0,18,20,red
ball_3666.jpg,0,0,19,20,red
ball_3756.jpg,0,0,19,20,red
ball_132.jpg,0,0,17,20,red
ball_8570.jpg,0,0,17,19,red
ball_7452.jpg,0,0,22,22,red
ball_6610.jpg,0,0,20,24,red
ball_8300.jpg,0,0,17,19,red
ball_6432.jpg,0,0,22,22,red
ball_7206.jpg,0,0,21,22,red
ball_6994.jpg,0,0,17,21,red
ball_8798.jpg,0,0,18,19,red
ball_6108.jpg,0,0,21,21,red
ball_8494.jpg,0,0,15,19,red
ball_8946.jpg,0,0,18,20,red
ball_10872.jpg,0,0,18,21,red
ball_6942.jpg,0,0,18,16,red
ball_7076.jpg,0,0,21,23,red
ball_8400.jpg,0,0,17,19,red
ball_4594.jpg,0,0,19,18,red
ball_8952.jpg,0,0,18,20,red
ball_8502.jpg,0,0,17,19,red
ball_7264.jpg,0,0,20,21,red
ball_8534.jpg,0,0,16,19,red
ball_8650.jpg,0,0,18,19,red
ball_8784.jpg,0,0,18,21,red
ball_5846.jpg,0,0,20,20,red
ball_10794.jpg,0,0,18,21,red
ball_4640.jpg,0,0,19,19,red
ball_10656.jpg,0,0,18,21,red
ball_7360.jpg,0,0,22,21,red
ball_6534.jpg,0,0,21,23,red
ball_10672.jpg,0,0,18,21,red
ball_6310.jpg,0,0,20,22,red
ball_7000.jpg,0,0,17,21,red
ball_8998.jpg,0,0,18,20,red
ball_6508.jpg,0,0,20,22,red
ball_8756.jpg,0,0,17,20,red
ball_18.jpg,0,0,19,21,red
ball_8416.jpg,0,0,17,19,red
ball_7380.jpg,0,0,22,22,red
ball_10786.jpg,0,0,18,21,red
ball_6174.jpg,0,0,21,22,red
ball_7272.jpg,0,0,21,23,red
ball_4690.jpg,0,0,18,16,red
ball_7024.jpg,0,0,19,21,red
ball_8682.jpg,0,0,17,19,red
ball_8910.jpg,0,0,18,20,red
ball_8496.jpg,0,0,15,18,red
ball_6234.jpg,0,0,19,19,red
ball_8594.jpg,0,0,17,19,red
ball_10828.jpg,0,0,18,21,red
ball_6308.jpg,0,0,21,22,red
ball_6582.jpg,0,0,21,23,red
ball_2466.jpg,0,0,21,22,red
ball_6446.jpg,0,0,20,24,red
ball_10894.jpg,0,0,18,21,red
ball_8900.jpg,0,0,19,21,red
ball_8326.jpg,0,0,17,19,red
ball_3728.jpg,0,0,19,20,red
ball_6484.jpg,0,0,19,20,red
ball_10904.jpg,0,0,18,21,red
ball_7462.jpg,0,0,21,21,red
ball_2576.jpg,0,0,19,20,red
ball_5908.jpg,0,0,20,19,red
ball_6900.jpg,0,0,17,21,red
ball_8644.jpg,0,0,16,18,red
ball_6142.jpg,0,0,19,21,red
ball_7096.jpg,0,0,22,24,red
ball_8878.jpg,0,0,21,21,red
ball_3772.jpg,0,0,19,20,red
ball_3698.jpg,0,0,19,20,red
ball_7478.jpg,0,0,22,22,red
ball_6472.jpg,0,0,20,21,red
ball_8280.jpg,0,0,17,19,red
ball_10920.jpg,0,0,18,21,red
ball_104.jpg,0,0,18,19,red
ball_6206.jpg,0,0,22,23,red
ball_4582.jpg,0,0,18,17,red
ball_4616.jpg,0,0,19,18,red
ball_6032.jpg,0,0,20,20,red
ball_5844.jpg,0,0,20,21,red
ball_8320.jpg,0,0,17,19,red
ball_7014.jpg,0,0,19,20,red
ball_6592.jpg,0,0,20,24,red
ball_8512.jpg,0,0,17,18,red
ball_8660.jpg,0,0,17,19,red
ball_134.jpg,0,0,17,20,red
ball_8800.jpg,0,0,18,20,red
ball_42.jpg,0,0,18,19,red
ball_3660.jpg,0,0,19,20,red
ball_10654.jpg,0,0,18,21,red
ball_8626.jpg,0,0,17,21,red
ball_9018.jpg,0,0,18,20,red
ball_5986.jpg,0,0,20,20,red
ball_34.jpg,0,0,20,21,red
ball_4646.jpg,0,0,19,19,red
ball_10724.jpg,0,0,18,21,red
ball_8552.jpg,0,0,16,17,red
ball_3764.jpg,0,0,19,20,red
ball_7210.jpg,0,0,20,21,red
ball_2468.jpg,0,0,20,21,red
ball_8608.jpg,0,0,16,19,red
ball_6062.jpg,0,0,19,20,red
ball_10988.jpg,0,0,20,22,red
ball_7176.jpg,0,0,21,22,red
ball_7404.jpg,0,0,22,23,red
ball_2520.jpg,0,0,20,23,red
ball_7226.jpg,0,0,21,21,red
ball_6202.jpg,0,0,19,20,red
ball_90.jpg,0,0,20,21,red
ball_5984.jpg,0,0,20,19,red
ball_8394.jpg,0,0,17,19,red
ball_10630.jpg,0,0,18,21,red
ball_7454.jpg,0,0,21,21,red
ball_74.jpg,0,0,17,21,red
ball_7028.jpg,0,0,21,22,red
ball_4598.jpg,0,0,18,19,red
ball_7228.jpg,0,0,20,22,red
ball_6232.jpg,0,0,20,21,red
ball_8986.jpg,0,0,18,20,red
ball_3670.jpg,0,0,19,20,red
ball_6568.jpg,0,0,21,23,red
ball_112.jpg,0,0,19,22,red
ball_5896.jpg,0,0,18,21,red
ball_7420.jpg,0,0,21,21,red
ball_6948.jpg,0,0,17,17,red
ball_6400.jpg,0,0,20,22,red
ball_10976.jpg,0,0,20,22,red
ball_7132.jpg,0,0,24,25,red
ball_2510.jpg,0,0,21,21,red
ball_10722.jpg,0,0,18,21,red
ball_8468.jpg,0,0,17,19,red
ball_8836.jpg,0,0,17,20,red
ball_6638.jpg,0,0,21,27,red
ball_2618.jpg,0,0,19,20,red
ball_7022.jpg,0,0,20,19,red
ball_10926.jpg,0,0,18,21,red
ball_7300.jpg,0,0,21,21,red
ball_8726.jpg,0,0,17,20,red
ball_8434.jpg,0,0,17,19,red
ball_6614.jpg,0,0,23,25,red
ball_7044.jpg,0,0,22,22,red
ball_7320.jpg,0,0,22,22,red
ball_6660.jpg,0,0,24,25,red
ball_8448.jpg,0,0,17,19,red
ball_4652.jpg,0,0,18,17,red
ball_6186.jpg,0,0,20,21,red
ball_8692.jpg,0,0,17,20,red
ball_8994.jpg,0,0,18,20,red
ball_8618.jpg,0,0,17,18,red
ball_3718.jpg,0,0,19,20,red
ball_3650.jpg,0,0,21,21,red
ball_8584.jpg,0,0,18,19,red
ball_80.jpg,0,0,18,19,red
ball_10758.jpg,0,0,18,21,red
ball_7472.jpg,0,0,21,22,red
ball_7174.jpg,0,0,22,23,red
ball_10880.jpg,0,0,18,21,red
ball_11010.jpg,0,0,18,17,red
ball_6164.jpg,0,0,20,21,red
ball_7070.jpg,0,0,23,22,red
ball_10716.jpg,0,0,18,21,red
ball_8984.jpg,0,0,18,20,red
ball_8728.jpg,0,0,17,20,red
ball_8838.jpg,0,0,18,20,red
ball_2546.jpg,0,0,19,20,red
ball_8304.jpg,0,0,17,19,red
ball_2496.jpg,0,0,21,23,red
ball_3682.jpg,0,0,19,20,red
ball_6228.jpg,0,0,22,23,red
ball_6038.jpg,0,0,22,21,red
ball_6880.jpg,0,0,17,21,red
ball_7416.jpg,0,0,22,21,red
ball_7480.jpg,0,0,20,21,red
ball_2580.jpg,0,0,19,20,red
ball_6300.jpg,0,0,20,24,red
ball_7500.jpg,0,0,21,23,red
ball_6200.jpg,0,0,21,21,red
ball_6030.jpg,0,0,20,20,red
ball_8340.jpg,0,0,17,19,red
ball_2516.jpg,0,0,20,23,red
ball_10658.jpg,0,0,18,21,red
ball_7396.jpg,0,0,21,21,red
ball_3730.jpg,0,0,19,20,red
ball_60.jpg,0,0,18,20,red
ball_8334.jpg,0,0,17,19,red
ball_7524.jpg,0,0,21,22,red
ball_7102.jpg,0,0,21,20,red
ball_10732.jpg,0,0,18,21,red
ball_8306.jpg,0,0,17,19,red
ball_2604.jpg,0,0,19,20,red
ball_6882.jpg,0,0,17,21,red
ball_3770.jpg,0,0,19,20,red
ball_2568.jpg,0,0,19,20,red
ball_4620.jpg,0,0,18,19,red
ball_8714.jpg,0,0,17,18,red
ball_8772.jpg,0,0,18,20,red
ball_7306.jpg,0,0,21,22,red
ball_6242.jpg,0,0,18,19,red
ball_8676.jpg,0,0,18,20,red
ball_4604.jpg,0,0,19,19,red
ball_10642.jpg,0,0,18,21,red
ball_10812.jpg,0,0,18,21,red
ball_8782.jpg,0,0,17,20,red
ball_8616.jpg,0,0,17,18,red
ball_10930.jpg,0,0,18,21,red
ball_8988.jpg,0,0,18,20,red
ball_4680.jpg,0,0,19,18,red
ball_5888.jpg,0,0,18,21,red
ball_3750.jpg,0,0,19,20,red
ball_2522.jpg,0,0,20,21,red
ball_10830.jpg,0,0,18,21,red
ball_8296.jpg,0,0,17,19,red
ball_3694.jpg,0,0,19,20,red
ball_6978.jpg,0,0,17,21,red
ball_7062.jpg,0,0,21,22,red
ball_8392.jpg,0,0,17,19,red
ball_7484.jpg,0,0,20,21,red
ball_7128.jpg,0,0,21,23,red
ball_8654.jpg,0,0,17,19,red
ball_5942.jpg,0,0,22,20,red
ball_6620.jpg,0,0,21,24,red
ball_2508.jpg,0,0,21,21,red
ball_6106.jpg,0,0,20,20,red
ball_7038.jpg,0,0,20,22,red
ball_10746.jpg,0,0,18,21,red
ball_9000.jpg,0,0,18,20,red
ball_6028.jpg,0,0,20,20,red
ball_10964.jpg,0,0,20,22,red
ball_7074.jpg,0,0,21,23,red
ball_4656.jpg,0,0,19,17,red
ball_7046.jpg,0,0,21,22,red
ball_5948.jpg,0,0,21,21,red
ball_7378.jpg,0,0,22,22,red
ball_6090.jpg,0,0,19,20,red
ball_66.jpg,0,0,18,20,red
ball_8912.jpg,0,0,18,21,red
ball_3662.jpg,0,0,19,20,red
ball_8982.jpg,0,0,18,20,red
ball_6260.jpg,0,0,21,21,red
ball_6166.jpg,0,0,21,24,red
ball_7262.jpg,0,0,21,20,red
ball_3700.jpg,0,0,19,20,red
ball_3776.jpg,0,0,19,20,red
ball_5914.jpg,0,0,20,21,red
ball_8646.jpg,0,0,16,18,red
ball_6912.jpg,0,0,17,18,red
ball_8510.jpg,0,0,17,17,red
ball_6004.jpg,0,0,20,20,red
ball_6970.jpg,0,0,17,21,red
ball_10760.jpg,0,0,18,21,red
ball_50.jpg,0,0,18,19,red
ball_8574.jpg,0,0,16,19,red
ball_7464.jpg,0,0,21,20,red
ball_8718.jpg,0,0,17,19,red
ball_2504.jpg,0,0,21,21,red
ball_3790.jpg,0,0,19,20,red
ball_10934.jpg,0,0,18,21,red
ball_10944.jpg,0,0,20,22,red
ball_6190.jpg,0,0,20,18,red
ball_10652.jpg,0,0,18,21,red
ball_6368.jpg,0,0,19,20,red
ball_7506.jpg,0,0,21,21,red
ball_5988.jpg,0,0,21,20,red
ball_6192.jpg,0,0,20,19,red
ball_8732.jpg,0,0,18,20,red
ball_8544.jpg,0,0,17,17,red
ball_88.jpg,0,0,19,21,red
ball_2474.jpg,0,0,21,22,red
ball_3782.jpg,0,0,19,20,red
ball_6064.jpg,0,0,20,20,red
ball_8924.jpg,0,0,18,21,red
ball_6264.jpg,0,0,21,22,red
ball_6360.jpg,0,0,22,23,red
ball_10.jpg,0,0,19,21,red
ball_8740.jpg,0,0,18,18,red
ball_6128.jpg,0,0,19,21,red
ball_6348.jpg,0,0,21,22,red
ball_6874.jpg,0,0,20,20,red
ball_2614.jpg,0,0,19,20,red
ball_8290.jpg,0,0,17,19,red
ball_7194.jpg,0,0,21,22,red
ball_10966.jpg,0,0,20,22,red
ball_7298.jpg,0,0,21,22,red
ball_11004.jpg,0,0,20,22,red
ball_7358.jpg,0,0,21,20,red
ball_6140.jpg,0,0,22,22,red
ball_8432.jpg,0,0,17,19,red
ball_3672.jpg,0,0,19,20,red
ball_10790.jpg,0,0,18,21,red
ball_6058.jpg,0,0,19,20,red
ball_7368.jpg,0,0,22,21,red
ball_8664.jpg,0,0,17,18,red
ball_10834.jpg,0,0,18,21,red
ball_8968.jpg,0,0,18,20,red
ball_2534.jpg,0,0,19,20,red
ball_7318.jpg,0,0,21,23,red
ball_6016.jpg,0,0,21,22,red
ball_8686.jpg,0,0,17,18,red
ball_7010.jpg,0,0,18,20,red
ball_4600.jpg,0,0,18,18,red
ball_6276.jpg,0,0,20,20,red
ball_6996.jpg,0,0,17,21,red
ball_8672.jpg,0,0,18,19,red
ball_5924.jpg,0,0,18,20,red
ball_7324.jpg,0,0,22,21,red
ball_6866.jpg,0,0,20,21,red
ball_3692.jpg,0,0,19,20,red
ball_94.jpg,0,0,19,20,red
ball_4610.jpg,0,0,20,19,red
ball_82.jpg,0,0,18,20,red
ball_6640.jpg,0,0,22,26,red
ball_4614.jpg,0,0,18,18,red
ball_3734.jpg,0,0,19,20,red
ball_20.jpg,0,0,19,20,red
ball_8804.jpg,0,0,19,21,red
ball_6938.jpg,0,0,17,18,red
ball_8272.jpg,0,0,17,19,red
ball_10826.jpg,0,0,18,21,red
ball_5876.jpg,0,0,20,21,red
ball_8500.jpg,0,0,16,18,red
ball_6998.jpg,0,0,17,21,red
ball_2476.jpg,0,0,21,21,red
ball_106.jpg,0,0,19,18,red
ball_7408.jpg,0,0,22,21,red
ball_8456.jpg,0,0,17,19,red
ball_6960.jpg,0,0,17,18,red
ball_7136.jpg,0,0,22,25,red
ball_6056.jpg,0,0,21,21,red
ball_2484.jpg,0,0,20,20,red
ball_5878.jpg,0,0,19,20,red
ball_8846.jpg,0,0,18,21,red
ball_7202.jpg,0,0,21,21,red
ball_10776.jpg,0,0,18,21,red
ball_8366.jpg,0,0,17,19,red
ball_9024.jpg,0,0,18,20,red
ball_6034.jpg,0,0,21,21,red
ball_8942.jpg,0,0,18,20,red
ball_10848.jpg,0,0,18,21,red
ball_6962.jpg,0,0,17,18,red
ball_8462.jpg,0,0,17,19,red
ball_7314.jpg,0,0,22,22,red
ball_3710.jpg,0,0,19,20,red
ball_6210.jpg,0,0,20,20,red
ball_3796.jpg,0,0,19,30,red
ball_3748.jpg,0,0,19,20,red
ball_8396.jpg,0,0,17,19,red
ball_6954.jpg,0,0,17,17,red
ball_7412.jpg,0,0,21,21,red
ball_8734.jpg,0,0,17,19,red
ball_10706.jpg,0,0,18,21,red
ball_7122.jpg,0,0,23,23,red
ball_10778.jpg,0,0,18,21,red
ball_8358.jpg,0,0,17,19,red
ball_8580.jpg,0,0,14,19,red
ball_3738.jpg,0,0,19,20,red
ball_6586.jpg,0,0,20,24,red
ball_6572.jpg,0,0,22,23,red
ball_6362.jpg,0,0,21,21,red
ball_6352.jpg,0,0,20,22,red
ball_6662.jpg,0,0,19,18,red
ball_8350.jpg,0,0,17,19,red
ball_10638.jpg,0,0,18,21,red
ball_6952.jpg,0,0,16,18,red
ball_6958.jpg,0,0,16,18,red
ball_8812.jpg,0,0,18,21,red
ball_6316.jpg,0,0,20,21,red
ball_2486.jpg,0,0,21,20,red
ball_6172.jpg,0,0,20,22,red
ball_7308.jpg,0,0,21,23,red
ball_8338.jpg,0,0,17,19,red
ball_6532.jpg,0,0,22,22,red
ball_6598.jpg,0,0,20,24,red
ball_6136.jpg,0,0,20,21,red
ball_8430.jpg,0,0,17,19,red
ball_8842.jpg,0,0,18,21,red
ball_2492.jpg,0,0,20,22,red
ball_124.jpg,0,0,17,20,red
ball_8404.jpg,0,0,17,19,red
ball_10918.jpg,0,0,18,21,red
ball_8830.jpg,0,0,18,21,red
ball_3712.jpg,0,0,19,20,red
ball_8972.jpg,0,0,18,20,red
ball_10680.jpg,0,0,18,21,red
ball_8376.jpg,0,0,17,19,red
ball_7346.jpg,0,0,22,24,red
ball_6918.jpg,0,0,16,15,red
ball_6394.jpg,0,0,23,23,red
ball_10994.jpg,0,0,20,22,red
ball_8710.jpg,0,0,18,18,red
ball_62.jpg,0,0,18,19,red
ball_76.jpg,0,0,19,21,red
ball_10960.jpg,0,0,20,22,red
ball_2620.jpg,0,0,19,20,red
ball_8762.jpg,0,0,18,19,red
ball_7088.jpg,0,0,22,23,red
ball_7004.jpg,0,0,19,21,red
ball_10804.jpg,0,0,18,21,red
ball_7316.jpg,0,0,22,23,red
ball_7068.jpg,0,0,21,22,red
ball_8476.jpg,0,0,15,17,red
ball_7244.jpg,0,0,21,21,red
ball_10736.jpg,0,0,18,21,red
ball_9032.jpg,0,0,18,20,red
ball_128.jpg,0,0,17,20,red
ball_7166.jpg,0,0,22,24,red
ball_6454.jpg,0,0,19,21,red
ball_6302.jpg,0,0,21,21,red
ball_6564.jpg,0,0,23,21,red
ball_8548.jpg,0,0,16,18,red
ball_7216.jpg,0,0,21,21,red
ball_10912.jpg,0,0,18,21,red
ball_10908.jpg,0,0,18,21,red
ball_7296.jpg,0,0,20,21,red
ball_8880.jpg,0,0,19,22,red
ball_10648.jpg,0,0,18,21,red
ball_8828.jpg,0,0,18,21,red
ball_6152.jpg,0,0,19,20,red
ball_6898.jpg,0,0,17,21,red
ball_8292.jpg,0,0,17,19,red
ball_8578.jpg,0,0,17,19,red
ball_6296.jpg,0,0,21,24,red
ball_10984.jpg,0,0,20,22,red
ball_6214.jpg,0,0,20,22,red
ball_6538.jpg,0,0,23,23,red
ball_7388.jpg,0,0,21,22,red
ball_10884.jpg,0,0,18,21,red
ball_10696.jpg,0,0,18,21,red
ball_8752.jpg,0,0,18,20,red
ball_6972.jpg,0,0,17,21,red
ball_10876.jpg,0,0,18,21,red
ball_10956.jpg,0,0,20,22,red
ball_8908.jpg,0,0,18,21,red
ball_5900.jpg,0,0,19,19,red
ball_7438.jpg,0,0,21,20,red
ball_6346.jpg,0,0,19,20,red
ball_6652.jpg,0,0,24,27,red
ball_5992.jpg,0,0,19,20,red
ball_8858.jpg,0,0,19,21,red
ball_7278.jpg,0,0,21,23,red
ball_8964.jpg,0,0,18,20,red
ball_5838.jpg,0,0,20,21,red
ball_6464.jpg,0,0,21,22,red
ball_118.jpg,0,0,17,19,red
ball_6950.jpg,0,0,17,17,red
ball_6244.jpg,0,0,20,20,red
ball_6288.jpg,0,0,20,21,red
ball_6554.jpg,0,0,23,22,red
ball_10756.jpg,0,0,18,21,red
ball_6254.jpg,0,0,20,21,red
ball_8628.jpg,0,0,18,19,red
ball_8352.jpg,0,0,17,19,red
ball_8768.jpg,0,0,18,19,red
ball_8854.jpg,0,0,18,22,red
ball_3724.jpg,0,0,19,20,red
ball_7390.jpg,0,0,22,20,red
ball_6380.jpg,0,0,20,22,red
ball_8610.jpg,0,0,17,21,red
ball_10636.jpg,0,0,18,21,red
ball_6176.jpg,0,0,19,20,red
ball_10676.jpg,0,0,18,21,red
ball_10974.jpg,0,0,20,22,red
ball_6976.jpg,0,0,17,18,red
ball_8302.jpg,0,0,17,19,red
ball_8604.jpg,0,0,17,19,red
ball_8922.jpg,0,0,18,19,red
ball_8422.jpg,0,0,17,19,red
ball_7080.jpg,0,0,21,21,red
ball_3768.jpg,0,0,19,20,red
ball_2594.jpg,0,0,19,20,red
ball_4678.jpg,0,0,18,17,red
ball_7460.jpg,0,0,23,20,red
ball_6494.jpg,0,0,21,22,red
ball_6580.jpg,0,0,20,24,red
ball_5950.jpg,0,0,20,19,red
ball_72.jpg,0,0,19,20,red
ball_6240.jpg,0,0,19,19,red
ball_10698.jpg,0,0,18,21,red
ball_4586.jpg,0,0,19,19,red
ball_10962.jpg,0,0,20,22,red
ball_10810.jpg,0,0,18,21,red
ball_6372.jpg,0,0,22,23,red
ball_8864.jpg,0,0,19,22,red
ball_5952.jpg,0,0,20,19,red
ball_8562.jpg,0,0,16,19,red
ball_6496.jpg,0,0,21,20,red
ball_6570.jpg,0,0,22,24,red
ball_10684.jpg,0,0,18,21,red
ball_8778.jpg,0,0,17,20,red
ball_6022.jpg,0,0,22,20,red
ball_4.jpg,0,0,21,21,red
ball_8780.jpg,0,0,17,20,red
ball_3714.jpg,0,0,19,20,red
ball_6074.jpg,0,0,20,19,red
ball_8634.jpg,0,0,17,20,red
ball_8690.jpg,0,0,18,20,red
ball_10670.jpg,0,0,18,21,red
ball_6546.jpg,0,0,22,23,red
ball_8298.jpg,0,0,17,19,red
ball_10818.jpg,0,0,18,21,red
ball_3726.jpg,0,0,19,20,red
ball_6864.jpg,0,0,20,20,red
ball_2532.jpg,0,0,19,20,red
ball_6420.jpg,0,0,21,21,red
ball_6590.jpg,0,0,20,24,red
ball_8694.jpg,0,0,18,18,red
ball_8636.jpg,0,0,17,19,red
ball_8882.jpg,0,0,18,22,red
ball_96.jpg,0,0,19,20,red
ball_8700.jpg,0,0,17,18,red
ball_6434.jpg,0,0,19,21,red
ball_8872.jpg,0,0,18,22,red
ball_8764.jpg,0,0,18,20,red
ball_8906.jpg,0,0,18,20,red
ball_7184.jpg,0,0,22,23,red
ball_8658.jpg,0,0,18,19,red
ball_7162.jpg,0,0,22,21,red
ball_6480.jpg,0,0,20,20,red
ball_6932.jpg,0,0,16,17,red
ball_2528.jpg,0,0,20,22,red
ball_8458.jpg,0,0,17,19,red
ball_2550.jpg,0,0,19,20,red
ball_6078.jpg,0,0,21,20,red
ball_4636.jpg,0,0,18,19,red
ball_7218.jpg,0,0,21,21,red
ball_6440.jpg,0,0,21,24,red
ball_7410.jpg,0,0,21,20,red
ball_9016.jpg,0,0,18,20,red
ball_5954.jpg,0,0,21,20,red
ball_8328.jpg,0,0,17,19,red
ball_7394.jpg,0,0,22,20,red
ball_6910.jpg,0,0,17,21,red
ball_9002.jpg,0,0,18,20,red
ball_5990.jpg,0,0,19,20,red
ball_7002.jpg,0,0,17,21,red
ball_8286.jpg,0,0,17,19,red
ball_8382.jpg,0,0,17,19,red
ball_6226.jpg,0,0,21,22,red
ball_6914.jpg,0,0,17,17,red
ball_3684.jpg,0,0,19,20,red
ball_7158.jpg,0,0,22,24,red
ball_8770.jpg,0,0,19,20,red
ball_8638.jpg,0,0,17,18,red
ball_9004.jpg,0,0,18,20,red
ball_2512.jpg,0,0,21,21,red
ball_6104.jpg,0,0,20,21,red
ball_10820.jpg,0,0,18,21,red
ball_8550.jpg,0,0,17,18,red
ball_6252.jpg,0,0,20,21,red
ball_7248.jpg,0,0,22,23,red
ball_8504.jpg,0,0,17,18,red
ball_2.jpg,0,0,23,22,red
ball_7236.jpg,0,0,22,22,red
ball_6052.jpg,0,0,19,20,red
ball_6548.jpg,0,0,23,24,red
ball_6370.jpg,0,0,21,21,red
ball_5866.jpg,0,0,19,21,red
ball_7288.jpg,0,0,21,22,red
ball_10870.jpg,0,0,18,21,red
ball_6576.jpg,0,0,22,24,red
ball_8840.jpg,0,0,18,20,red
ball_7084.jpg,0,0,22,23,red
ball_8460.jpg,0,0,17,19,red
ball_7252.jpg,0,0,22,23,red
ball_8902.jpg,0,0,18,20,red
ball_9034.jpg,0,0,18,20,red
ball_4644.jpg,0,0,19,19,red
ball_6984.jpg,0,0,17,21,red
ball_6458.jpg,0,0,19,20,red
ball_7470.jpg,0,0,21,20,red
ball_7034.jpg,0,0,21,21,red
ball_6168.jpg,0,0,21,22,red
ball_6626.jpg,0,0,21,25,red
ball_6612.jpg,0,0,22,23,red
ball_7040.jpg,0,0,20,21,red
ball_3804.jpg,0,0,19,20,red
ball_8802.jpg,0,0,18,21,red
ball_4606.jpg,0,0,18,18,red
ball_7414.jpg,0,0,21,21,red
ball_5852.jpg,0,0,19,20,red
ball_7148.jpg,0,0,22,24,red
ball_8310.jpg,0,0,17,19,red
ball_6354.jpg,0,0,21,21,red
ball_5934.jpg,0,0,20,20,red
ball_6390.jpg,0,0,21,22,red
ball_8380.jpg,0,0,17,19,red
ball_2498.jpg,0,0,21,23,red
ball_7110.jpg,0,0,23,16,red
ball_6066.jpg,0,0,19,19,red
ball_6926.jpg,0,0,16,17,red
ball_8788.jpg,0,0,19,21,red
ball_6322.jpg,0,0,20,21,red
ball_7348.jpg,0,0,21,23,red
ball_8876.jpg,0,0,19,23,red
ball_4578.jpg,0,0,18,18,red
ball_4618.jpg,0,0,18,17,red
ball_4666.jpg,0,0,18,17,red
ball_8488.jpg,0,0,16,18,red
ball_7336.jpg,0,0,21,23,red
ball_8810.jpg,0,0,18,20,red
ball_8612.jpg,0,0,17,19,red
ball_10678.jpg,0,0,18,21,red
ball_6040.jpg,0,0,20,21,red
ball_10946.jpg,0,0,20,22,red
ball_8706.jpg,0,0,18,20,red
ball_10634.jpg,0,0,18,21,red
ball_6604.jpg,0,0,20,24,red
ball_2544.jpg,0,0,19,20,red
ball_6130.jpg,0,0,19,19,red
ball_6520.jpg,0,0,22,24,red
ball_8748.jpg,0,0,17,21,red
ball_6514.jpg,0,0,21,21,red
ball_3746.jpg,0,0,19,20,red
ball_7330.jpg,0,0,22,21,red
ball_6642.jpg,0,0,22,25,red
ball_2562.jpg,0,0,19,20,red
ball_8490.jpg,0,0,15,18,red
ball_7200.jpg,0,0,20,22,red
ball_2572.jpg,0,0,19,20,red
ball_102.jpg,0,0,17,20,red
ball_6536.jpg,0,0,23,21,red
ball_10702.jpg,0,0,18,21,red
ball_5916.jpg,0,0,19,21,red
ball_7192.jpg,0,0,21,23,red
ball_7492.jpg,0,0,22,24,red
ball_10932.jpg,0,0,18,21,red
ball_10690.jpg,0,0,18,21,red
ball_2582.jpg,0,0,19,20,red
ball_6872.jpg,0,0,19,21,red
ball_8498.jpg,0,0,15,17,red
ball_6070.jpg,0,0,19,21,red
ball_8288.jpg,0,0,17,19,red
ball_8962.jpg,0,0,18,20,red
ball_8722.jpg,0,0,17,19,red
ball_7468.jpg,0,0,21,22,red
ball_8884.jpg,0,0,19,20,red
ball_5874.jpg,0,0,22,21,red
ball_10824.jpg,0,0,18,21,red
ball_6194.jpg,0,0,21,22,red
ball_8792.jpg,0,0,18,21,red
ball_10708.jpg,0,0,18,21,red
ball_7430.jpg,0,0,22,23,red
ball_6442.jpg,0,0,20,24,red
ball_8374.jpg,0,0,17,19,red
ball_8454.jpg,0,0,17,19,red
ball_6366.jpg,0,0,21,22,red
ball_9030.jpg,0,0,18,20,red
ball_3696.jpg,0,0,19,20,red
ball_8442.jpg,0,0,17,19,red
ball_4686.jpg,0,0,18,18,red
ball_8452.jpg,0,0,17,19,red
ball_44.jpg,0,0,20,20,red
ball_3706.jpg,0,0,19,20,red
ball_8474.jpg,0,0,16,19,red
ball_10854.jpg,0,0,18,21,red
ball_7494.jpg,0,0,21,21,red
ball_8554.jpg,0,0,17,18,red
ball_7066.jpg,0,0,23,23,red
ball_8620.jpg,0,0,17,19,red
ball_8680.jpg,0,0,18,18,red
ball_2464.jpg,0,0,21,22,red
ball_7406.jpg,0,0,22,20,red
ball_10814.jpg,0,0,18,21,red
ball_3702.jpg,0,0,19,20,red
ball_8832.jpg,0,0,18,20,red
ball_8514.jpg,0,0,17,17,red
ball_86.jpg,0,0,17,21,red
ball_5856.jpg,0,0,19,19,red
ball_10864.jpg,0,0,18,21,red
ball_126.jpg,0,0,18,21,red
ball_6448.jpg,0,0,20,21,red
ball_8596.jpg,0,0,17,20,red
ball_6144.jpg,0,0,17,18,red
ball_6618.jpg,0,0,24,26,red
ball_4702.jpg,0,0,18,18,red
ball_7502.jpg,0,0,21,22,red
ball_6080.jpg,0,0,20,21,red
ball_8572.jpg,0,0,17,19,red
ball_5938.jpg,0,0,18,21,red
ball_8344.jpg,0,0,17,19,red
ball_6184.jpg,0,0,19,21,red
ball_6492.jpg,0,0,22,21,red
ball_10640.jpg,0,0,18,21,red
ball_10764.jpg,0,0,18,21,red
ball_10726.jpg,0,0,18,21,red
ball_7050.jpg,0,0,22,23,red
ball_8482.jpg,0,0,16,18,red
ball_6124.jpg,0,0,20,20,red
ball_2494.jpg,0,0,21,23,red
ball_6552.jpg,0,0,24,23,red
ball_8364.jpg,0,0,17,19,red
ball_8956.jpg,0,0,18,20,red
ball_38.jpg,0,0,19,20,red
ball_2524.jpg,0,0,21,22,red
ball_6294.jpg,0,0,20,22,red
ball_5970.jpg,0,0,20,22,red
ball_116.jpg,0,0,17,20,red
ball_2586.jpg,0,0,19,20,red
ball_3794.jpg,0,0,19,20,red
ball_7116.jpg,0,0,23,18,red
ball_10997.jpg,0,0,22,20,red
ball_4658.jpg,0,0,18,20,red
ball_6648.jpg,0,0,24,26,red
ball_2600.jpg,0,0,19,20,red
ball_7356.jpg,0,0,21,23,red
ball_8826.jpg,0,0,18,19,red
ball_7138.jpg,0,0,22,23,red
ball_6622.jpg,0,0,22,24,red
ball_8398.jpg,0,0,17,19,red
ball_4628.jpg,0,0,19,18,red
ball_6424.jpg,0,0,20,20,red
ball_8478.jpg,0,0,14,18,red
ball_10784.jpg,0,0,18,21,red
ball_4674.jpg,0,0,18,18,red
ball_8598.jpg,0,0,17,19,red
ball_5968.jpg,0,0,19,20,red
ball_5962.jpg,0,0,20,19,red
ball_7256.jpg,0,0,21,22,red
ball_8484.jpg,0,0,16,17,red
ball_10748.jpg,0,0,18,21,red
ball_5906.jpg,0,0,20,21,red
ball_6522.jpg,0,0,23,23,red
ball_8746.jpg,0,0,18,20,red
ball_10878.jpg,0,0,18,21,red
ball_5860.jpg,0,0,19,21,red
ball_8486.jpg,0,0,16,18,red
ball_2574.jpg,0,0,19,20,red
ball_10986.jpg,0,0,20,22,red
ball_7486.jpg,0,0,21,22,red
ball_6298.jpg,0,0,22,22,red
ball_10740.jpg,0,0,18,21,red
ball_10762.jpg,0,0,18,21,red
ball_8378.jpg,0,0,17,19,red
ball_2542.jpg,0,0,19,20,red
ball_8796.jpg,0,0,17,20,red
ball_5994.jpg,0,0,20,20,red
ball_6396.jpg,0,0,20,21,red
ball_7164.jpg,0,0,21,22,red
ball_8532.jpg,0,0,16,18,red
ball_8696.jpg,0,0,18,20,red
ball_2610.jpg,0,0,19,20,red
ball_6868.jpg,0,0,19,21,red
ball_6646.jpg,0,0,22,25,red
ball_6438.jpg,0,0,21,21,red
ball_7398.jpg,0,0,22,22,red
ball_6026.jpg,0,0,22,23,red
ball_7466.jpg,0,0,21,20,red
ball_6082.jpg,0,0,18,20,red
ball_7286.jpg,0,0,21,22,red
ball_8648.jpg,0,0,16,18,red
ball_8750.jpg,0,0,18,20,red
ball_6020.jpg,0,0,20,21,red
ball_2490.jpg,0,0,21,22,red
ball_6378.jpg,0,0,21,21,red
ball_6246.jpg,0,0,20,20,red
ball_10738.jpg,0,0,18,21,red
ball_6406.jpg,0,0,20,21,red
ball_8440.jpg,0,0,17,19,red
ball_9006.jpg,0,0,18,20,red
ball_5930.jpg,0,0,19,20,red
ball_6584.jpg,0,0,20,24,red
ball_6318.jpg,0,0,20,22,red
ball_6644.jpg,0,0,23,25,red
ball_10686.jpg,0,0,18,21,red
ball_7242.jpg,0,0,21,22,red
ball_10682.jpg,0,0,18,21,red
ball_8316.jpg,0,0,17,19,red
ball_2552.jpg,0,0,19,20,red
ball_8974.jpg,0,0,18,20,red
ball_6154.jpg,0,0,19,20,red
ball_6490.jpg,0,0,20,21,red
ball_8464.jpg,0,0,17,19,red
ball_4662.jpg,0,0,19,18,red
ball_10970.jpg,0,0,20,22,red
ball_7208.jpg,0,0,20,22,red
ball_6550.jpg,0,0,23,22,red
ball_3716.jpg,0,0,19,20,red
ball_6468.jpg,0,0,19,21,red
ball_10808.jpg,0,0,18,21,red
ball_6050.jpg,0,0,19,21,red
ball_6076.jpg,0,0,20,19,red
ball_6470.jpg,0,0,21,21,red
ball_8938.jpg,0,0,17,20,red
ball_8308.jpg,0,0,17,19,red
ball_10924.jpg,0,0,18,21,red
ball_6936.jpg,0,0,16,17,red
ball_10666.jpg,0,0,18,21,red
ball_10888.jpg,0,0,18,21,red
ball_8406.jpg,0,0,17,19,red
ball_4704.jpg,0,0,18,19,red
ball_8354.jpg,0,0,17,19,red
ball_6114.jpg,0,0,20,21,red
ball_6048.jpg,0,0,21,21,red
ball_8436.jpg,0,0,17,19,red
ball_9028.jpg,0,0,18,20,red
ball_5998.jpg,0,0,20,20,red
ball_6462.jpg,0,0,20,20,red
ball_8322.jpg,0,0,17,19,red
ball_6934.jpg,0,0,17,19,red
ball_7376.jpg,0,0,21,20,red
ball_6290.jpg,0,0,22,22,red
ball_8822.jpg,0,0,18,20,red
ball_10992.jpg,0,0,20,22,red
ball_2622.jpg,0,0,19,20,red
ball_5858.jpg,0,0,19,21,red
ball_5884.jpg,0,0,18,20,red
ball_2462.jpg,0,0,21,21,red
ball_7008.jpg,0,0,19,22,red
ball_7424.jpg,0,0,21,21,red
ball_8586.jpg,0,0,17,20,red
ball_7250.jpg,0,0,22,22,red
ball_6518.jpg,0,0,22,24,red
ball_5958.jpg,0,0,20,21,red
ball_3722.jpg,0,0,19,20,red
ball_6046.jpg,0,0,21,20,red
ball_10866.jpg,0,0,18,21,red
ball_3766.jpg,0,0,19,20,red
ball_5918.jpg,0,0,19,20,red
ball_6946.jpg,0,0,17,19,red
ball_8896.jpg,0,0,18,22,red
ball_2626.jpg,0,0,19,20,red
ball_7026.jpg,0,0,20,21,red
ball_8868.jpg,0,0,18,21,red
ball_8480.jpg,0,0,16,19,red
ball_9014.jpg,0,0,18,20,red
ball_2514.jpg,0,0,22,22,red
ball_8794.jpg,0,0,18,21,red
ball_28.jpg,0,0,19,20,red
ball_16.jpg,0,0,18,21,red
ball_5932.jpg,0,0,21,20,red
ball_24.jpg,0,0,20,21,red
ball_2518.jpg,0,0,20,22,red
ball_8492.jpg,0,0,15,18,red
ball_7274.jpg,0,0,21,22,red
ball_8904.jpg,0,0,19,22,red
ball_7482.jpg,0,0,21,23,red
ball_4664.jpg,0,0,19,17,red
ball_7282.jpg,0,0,21,20,red
ball_7342.jpg,0,0,21,23,red
ball_10744.jpg,0,0,18,21,red
ball_6092.jpg,0,0,20,19,red
ball_7332.jpg,0,0,22,21,red
ball_7458.jpg,0,0,21,21,red
ball_6146.jpg,0,0,17,19,red
ball_8702.jpg,0,0,17,19,red
ball_8996.jpg,0,0,18,20,red
ball_2500.jpg,0,0,21,23,red
ball_10890.jpg,0,0,18,21,red
ball_8670.jpg,0,0,17,18,red
ball_4700.jpg,0,0,18,18,red
ball_52.jpg,0,0,18,19,red
ball_2616.jpg,0,0,19,20,red
ball_8960.jpg,0,0,18,20,red
ball_4694.jpg,0,0,18,18,red
ball_6320.jpg,0,0,20,21,red
ball_8716.jpg,0,0,17,19,red
ball_5848.jpg,0,0,17,20,red
ball_6904.jpg,0,0,17,21,red
ball_58.jpg,0,0,18,18,red
ball_2526.jpg,0,0,21,21,red
ball_6418.jpg,0,0,19,19,red
ball_5904.jpg,0,0,19,20,red
ball_7232.jpg,0,0,21,22,red
ball_7052.jpg,0,0,21,21,red
ball_4608.jpg,0,0,19,19,red
ball_4590.jpg,0,0,19,18,red
ball_3674.jpg,0,0,19,20,red
ball_10840.jpg,0,0,18,21,red
ball_5842.jpg,0,0,20,20,red
ball_8466.jpg,0,0,17,19,red
ball_6072.jpg,0,0,19,21,red
ball_7510.jpg,0,0,21,21,red
ball_138.jpg,0,0,16,16,red
ball_10782.jpg,0,0,18,21,red
ball_10952.jpg,0,0,20,22,red
ball_136.jpg,0,0,16,18,red
ball_6132.jpg,0,0,19,21,red
ball_10796.jpg,0,0,18,21,red
ball_8602.jpg,0,0,17,19,red
ball_6292.jpg,0,0,21,23,red
ball_6010.jpg,0,0,19,19,red
ball_12.jpg,0,0,20,21,red
ball_10852.jpg,0,0,18,21,red
ball_7448.jpg,0,0,21,21,red
ball_8786.jpg,0,0,18,19,red
ball_8294.jpg,0,0,17,19,red
ball_5910.jpg,0,0,20,20,red
ball_7016.jpg,0,0,18,20,red
ball_110.jpg,0,0,18,18,red
ball_5980.jpg,0,0,20,21,red
ball_7270.jpg,0,0,21,23,red
ball_6980.jpg,0,0,17,21,red
ball_10766.jpg,0,0,18,21,red
ball_6870.jpg,0,0,19,21,red
ball_7370.jpg,0,0,22,20,red
ball_10892.jpg,0,0,18,21,red
ball_6382.jpg,0,0,22,22,red
ball_7504.jpg,0,0,21,21,red
ball_6502.jpg,0,0,20,22,red
ball_8546.jpg,0,0,16,18,red
ball_8630.jpg,0,0,17,18,red
ball_10900.jpg,0,0,18,21,red
ball_2502.jpg,0,0,21,23,red
ball_10972.jpg,0,0,20,22,red
ball_10980.jpg,0,0,20,22,red
ball_10838.jpg,0,0,18,21,red
ball_10802.jpg,0,0,18,21,red
ball_108.jpg,0,0,18,20,red
ball_8372.jpg,0,0,17,19,red
ball_6530.jpg,0,0,22,23,red
ball_7204.jpg,0,0,21,21,red
ball_8336.jpg,0,0,17,19,red
ball_7418.jpg,0,0,22,22,red
ball_9010.jpg,0,0,18,20,red
ball_10730.jpg,0,0,18,21,red
ball_8848.jpg,0,0,19,21,red
ball_10860.jpg,0,0,18,21,red
ball_6162.jpg,0,0,21,23,red
ball_5864.jpg,0,0,21,22,red
ball_7322.jpg,0,0,22,22,red
ball_5840.jpg,0,0,18,21,red
ball_7118.jpg,0,0,23,21,red
ball_6266.jpg,0,0,19,20,red
ball_6402.jpg,0,0,20,20,red
ball_4698.jpg,0,0,18,18,red
ball_10928.jpg,0,0,18,21,red
ball_8576.jpg,0,0,17,18,red
ball_7082.jpg,0,0,21,22,red
ball_10674.jpg,0,0,18,21,red
ball_9020.jpg,0,0,18,20,red
ball_3688.jpg,0,0,19,20,red
ball_6606.jpg,0,0,20,24,red
ball_3762.jpg,0,0,19,20,red
ball_6510.jpg,0,0,20,21,red
ball_7304.jpg,0,0,21,21,red
ball_6968.jpg,0,0,16,18,red
ball_7104.jpg,0,0,21,19,red
ball_7276.jpg,0,0,21,23,red
ball_2530.jpg,0,0,19,20,red
ball_10868.jpg,0,0,18,21,red
ball_6474.jpg,0,0,21,20,red
ball_7490.jpg,0,0,23,23,red
ball_8314.jpg,0,0,17,19,red
ball_6876.jpg,0,0,19,21,red
ball_10628.jpg,0,0,18,21,red
ball_8516.jpg,0,0,16,18,red
ball_8844.jpg,0,0,19,22,red
ball_8932.jpg,0,0,17,20,red
ball_8318.jpg,0,0,17,19,red
ball_8668.jpg,0,0,17,20,red
ball_6892.jpg,0,0,17,21,red
ball_8940.jpg,0,0,18,20,red
ball_2472.jpg,0,0,21,21,red
ball_10844.jpg,0,0,18,21,red
ball_8652.jpg,0,0,17,19,red
ball_8674.jpg,0,0,18,19,red
ball_8414.jpg,0,0,17,19,red
ball_7400.jpg,0,0,21,22,red
ball_3778.jpg,0,0,19,20,red
ball_8356.jpg,0,0,17,19,red
ball_7344.jpg,0,0,22,22,red
ball_120.jpg,0,0,19,20,red
ball_7168.jpg,0,0,23,22,red
ball_7518.jpg,0,0,22,20,red
ball_7382.jpg,0,0,21,20,red
ball_10910.jpg,0,0,18,21,red
ball_5892.jpg,0,0,19,21,red
ball_10958.jpg,0,0,20,22,red
ball_8642.jpg,0,0,17,18,red
ball_7328.jpg,0,0,22,23,red
ball_10646.jpg,0,0,18,21,red
ball_8724.jpg,0,0,17,19,red
ball_3760.jpg,0,0,19,20,red
ball_6280.jpg,0,0,21,22,red
ball_6098.jpg,0,0,19,20,red
ball_5972.jpg,0,0,20,21,red
ball_3780.jpg,0,0,19,20,red
ball_10806.jpg,0,0,18,21,red
ball_7310.jpg,0,0,21,22,red
ball_7266.jpg,0,0,21,22,red
ball_7036.jpg,0,0,20,20,red
ball_10978.jpg,0,0,20,22,red
ball_7154.jpg,0,0,21,23,red
ball_8958.jpg,0,0,18,20,red
ball_8894.jpg,0,0,19,22,red
ball_3686.jpg,0,0,19,20,red
ball_10720.jpg,0,0,18,21,red
ball_7006.jpg,0,0,18,21,red
ball_5902.jpg,0,0,20,22,red
ball_6156.jpg,0,0,19,22,red
ball_6906.jpg,0,0,17,17,red
ball_6180.jpg,0,0,19,20,red
ball_8526.jpg,0,0,17,17,red
ball_6306.jpg,0,0,18,20,red
ball_8568.jpg,0,0,17,18,red
ball_6250.jpg,0,0,20,22,red
ball_5976.jpg,0,0,19,21,red
ball_8708.jpg,0,0,18,21,red
ball_7476.jpg,0,0,21,22,red
ball_2624.jpg,0,0,19,20,red
ball_8508.jpg,0,0,15,19,red
ball_3806.jpg,0,0,19,20,red
ball_3678.jpg,0,0,19,20,red
ball_4612.jpg,0,0,18,19,red
ball_8856.jpg,0,0,19,21,red
ball_6326.jpg,0,0,21,22,red
ball_8506.jpg,0,0,17,19,red
ball_10714.jpg,0,0,18,21,red
ball_5880.jpg,0,0,21,19,red
ball_8980.jpg,0,0,18,20,red
ball_6426.jpg,0,0,21,21,red
ball_4638.jpg,0,0,19,20,red
ball_4624.jpg,0,0,18,17,red
ball_6116.jpg,0,0,20,23,red
ball_8806.jpg,0,0,18,21,red
ball_6916.jpg,0,0,16,16,red
ball_3736.jpg,0,0,19,20,red
ball_5974.jpg,0,0,16,17,red
ball_6634.jpg,0,0,24,26,red
ball_8918.jpg,0,0,18,21,red
ball_10836.jpg,0,0,18,21,red
ball_5928.jpg,0,0,19,19,red
ball_10862.jpg,0,0,18,21,red
ball_9026.jpg,0,0,18,20,red
ball_6272.jpg,0,0,20,22,red
ball_7384.jpg,0,0,21,23,red
ball_5898.jpg,0,0,19,19,red
ball_7516.jpg,0,0,21,20,red
ball_6270.jpg,0,0,20,20,red
ball_6512.jpg,0,0,21,18,red
ball_6908.jpg,0,0,17,18,red
ball_6430.jpg,0,0,20,22,red
ball_8632.jpg,0,0,17,20,red
ball_64.jpg,0,0,18,20,red
ball_8930.jpg,0,0,18,21,red
ball_6632.jpg,0,0,22,25,red
ball_6560.jpg,0,0,23,23,red
ball_8518.jpg,0,0,15,18,red
ball_7222.jpg,0,0,20,21,red
ball_8520.jpg,0,0,15,17,red
ball_6018.jpg,0,0,21,20,red
ball_3788.jpg,0,0,19,20,red
ball_6974.jpg,0,0,16,19,red
ball_6928.jpg,0,0,17,17,red
ball_5894.jpg,0,0,19,21,red
ball_7498.jpg,0,0,22,22,red
ball_8324.jpg,0,0,17,19,red
ball_8390.jpg,0,0,17,19,red
ball_8530.jpg,0,0,16,18,red
ball_8898.jpg,0,0,19,21,red
ball_92.jpg,0,0,18,22,red
ball_5882.jpg,0,0,19,21,red
ball_4580.jpg,0,0,19,19,red
ball_2560.jpg,0,0,19,20,red
ball_8866.jpg,0,0,19,21,red
ball_8348.jpg,0,0,17,19,red
ball_10752.jpg,0,0,18,21,red
ball_70.jpg,0,0,19,21,red
ball_7238.jpg,0,0,22,23,red
ball_6486.jpg,0,0,21,22,red
ball_2570.jpg,0,0,19,20,red
ball_2488.jpg,0,0,21,21,red
ball_10650.jpg,0,0,18,21,red
ball_6208.jpg,0,0,21,21,red
ball_4630.jpg,0,0,19,18,red
ball_6444.jpg,0,0,20,24,red
ball_8542.jpg,0,0,17,19,red
ball_6334.jpg,0,0,21,23,red
ball_8472.jpg,0,0,15,19,red
ball_10688.jpg,0,0,18,21,red
ball_2470.jpg,0,0,21,21,red
ball_6558.jpg,0,0,23,22,red
ball_10742.jpg,0,0,18,21,red
ball_7450.jpg,0,0,23,22,red
ball_3740.jpg,0,0,19,20,red
ball_7198.jpg,0,0,21,22,red
ball_6990.jpg,0,0,17,21,red
ball_6314.jpg,0,0,21,20,red
ball_10882.jpg,0,0,18,21,red
ball_8862.jpg,0,0,19,21,red
ball_10710.jpg,0,0,18,21,red
ball_6100.jpg,0,0,18,17,red
ball_6388.jpg,0,0,22,23,red
ball_8976.jpg,0,0,18,20,red
ball_6982.jpg,0,0,17,21,red
ball_6574.jpg,0,0,21,22,red
ball_8402.jpg,0,0,17,19,red
ball_14.jpg,0,0,20,20,red
ball_9008.jpg,0,0,18,20,red
ball_10942.jpg,0,0,18,21,red
ball_10832.jpg,0,0,18,21,red
ball_6628.jpg,0,0,24,25,red
ball_8360.jpg,0,0,17,19,red
ball_3744.jpg,0,0,19,20,red
ball_5944.jpg,0,0,19,19,red
ball_7508.jpg,0,0,20,20,red
ball_7108.jpg,0,0,23,18,red
ball_6656.jpg,0,0,22,23,red
ball_7354.jpg,0,0,22,22,red
ball_6204.jpg,0,0,20,23,red
ball_4672.jpg,0,0,18,18,red
ball_2540.jpg,0,0,19,20,red
ball_6312.jpg,0,0,20,22,red
ball_2564.jpg,0,0,19,20,red
ball_84.jpg,0,0,18,19,red
ball_3668.jpg,0,0,19,20,red
ball_7120.jpg,0,0,23,21,red
ball_130.jpg,0,0,17,20,red
ball_8874.jpg,0,0,18,22,red
ball_6068.jpg,0,0,20,20,red
ball_2558.jpg,0,0,19,20,red
ball_122.jpg,0,0,19,19,red
ball_6218.jpg,0,0,21,24,red
ball_6188.jpg,0,0,18,18,red
ball_4692.jpg,0,0,18,18,red
ball_7280.jpg,0,0,21,22,red
ball_6170.jpg,0,0,19,21,red
ball_100.jpg,0,0,19,20,red
ball_6110.jpg,0,0,19,22,red
ball_7130.jpg,0,0,22,24,red
ball_8588.jpg,0,0,16,20,red
ball_6198.jpg,0,0,21,21,red
ball_7284.jpg,0,0,21,22,red
ball_7364.jpg,0,0,22,21,red
ball_10999.jpg,0,0,22,20,red
ball_8600.jpg,0,0,17,20,red
ball_7150.jpg,0,0,22,23,red
ball_8850.jpg,0,0,19,20,red
ball_10800.jpg,0,0,18,21,red
ball_8886.jpg,0,0,19,21,red
ball_8408.jpg,0,0,17,19,red
ball_2584.jpg,0,0,19,20,red
ball_9012.jpg,0,0,18,20,red
ball_6922.jpg,0,0,15,15,red
ball_6966.jpg,0,0,16,18,red
ball_6544.jpg,0,0,24,23,red
ball_8560.jpg,0,0,16,18,red
ball_5920.jpg,0,0,19,21,red
ball_4588.jpg,0,0,18,17,red
ball_6408.jpg,0,0,19,20,red
ball_7392.jpg,0,0,21,21,red
ball_8888.jpg,0,0,19,21,red
ball_7442.jpg,0,0,23,20,red
ball_6482.jpg,0,0,20,21,red
ball_10770.jpg,0,0,18,21,red
ball_3680.jpg,0,0,19,20,red
ball_2536.jpg,0,0,19,20,red
ball_10886.jpg,0,0,18,21,red
ball_6588.jpg,0,0,20,24,red
ball_7230.jpg,0,0,22,22,red
ball_3652.jpg,0,0,19,20,red
ball_10948.jpg,0,0,20,22,red
ball_3656.jpg,0,0,19,20,red
ball_7054.jpg,0,0,21,23,red
ball_8860.jpg,0,0,19,22,red
ball_8936.jpg,0,0,19,20,red
ball_8760.jpg,0,0,18,19,red
ball_7144.jpg,0,0,22,23,red
ball_8754.jpg,0,0,18,20,red
ball_5872.jpg,0,0,19,21,red
ball_6376.jpg,0,0,21,22,red
ball_6988.jpg,0,0,17,21,red
ball_8368.jpg,0,0,17,19,red
ball_3786.jpg,0,0,19,20,red
ball_6422.jpg,0,0,21,20,red
ball_6524.jpg,0,0,22,22,red
ball_8720.jpg,0,0,17,19,red
ball_10750.jpg,0,0,18,21,red
ball_7098.jpg,0,0,23,24,red
ball_9036.jpg,0,0,18,20,red
ball_7456.jpg,0,0,22,20,red
ball_26.jpg,0,0,19,19,red
ball_5868.jpg,0,0,19,20,red
ball_8640.jpg,0,0,17,19,red
ball_7402.jpg,0,0,21,20,red
ball_6540.jpg,0,0,24,21,red
ball_3664.jpg,0,0,19,20,red
ball_8834.jpg,0,0,19,20,red
ball_10922.jpg,0,0,18,21,red
ball_7100.jpg,0,0,22,24,red
ball_6086.jpg,0,0,18,19,red
ball_8954.jpg,0,0,18,20,red
ball_7156.jpg,0,0,22,23,red
ball_5912.jpg,0,0,20,20,red
ball_6398.jpg,0,0,21,21,red
ball_4668.jpg,0,0,18,18,red
ball_8274.jpg,0,0,17,19,red
ball_2566.jpg,0,0,19,20,red
ball_7180.jpg,0,0,23,22,red
ball_8370.jpg,0,0,17,19,red
ball_3720.jpg,0,0,19,20,red
ball_7512.jpg,0,0,22,20,red
ball_6506.jpg,0,0,19,19,red
ball_7196.jpg,0,0,22,22,red
ball_6930.jpg,0,0,14,17,red
ball_8.jpg,0,0,22,21,red
ball_7350.jpg,0,0,21,21,red
ball_6556.jpg,0,0,23,23,red
ball_8438.jpg,0,0,17,19,red
ball_10718.jpg,0,0,18,21,red
ball_7292.jpg,0,0,21,23,red
ball_6182.jpg,0,0,19,20,red
ball_10772.jpg,0,0,18,21,red
ball_7186.jpg,0,0,23,23,red
ball_3784.jpg,0,0,19,20,red
ball_4634.jpg,0,0,19,20,red
ball_6222.jpg,0,0,22,23,red
ball_6258.jpg,0,0,19,21,red
ball_2608.jpg,0,0,19,20,red
ball_7246.jpg,0,0,21,22,red
ball_6238.jpg,0,0,19,21,red
ball_4592.jpg,0,0,18,19,red
ball_5940.jpg,0,0,19,20,red
ball_7146.jpg,0,0,22,21,red
ball_3676.jpg,0,0,19,20,red
ball_6224.jpg,0,0,21,23,red
ball_6578.jpg,0,0,20,24,red
ball_3754.jpg,0,0,19,20,red
ball_8944.jpg,0,0,18,20,red
ball_6450.jpg,0,0,21,22,red
ball_6332.jpg,0,0,19,21,red
ball_8948.jpg,0,0,18,20,red
ball_10664.jpg,0,0,18,21,red
ball_2538.jpg,0,0,19,20,red
ball_6196.jpg,0,0,23,22,red
ball_4622.jpg,0,0,18,18,red
ball_9022.jpg,0,0,18,20,red
ball_7432.jpg,0,0,22,20,red
ball_8818.jpg,0,0,18,19,red
ball_8606.jpg,0,0,17,18,red
ball_4706.jpg,0,0,18,19,red
ball_6282.jpg,0,0,21,20,red
ball_4626.jpg,0,0,19,18,red
ball_10916.jpg,0,0,18,21,red
ball_7178.jpg,0,0,22,24,red
ball_7488.jpg,0,0,21,21,red
ball_8914.jpg,0,0,17,19,red
ball_4654.jpg,0,0,18,18,red
ball_7268.jpg,0,0,21,23,red
ball_7362.jpg,0,0,22,21,red
ball_8684.jpg,0,0,18,19,red
ball_10954.jpg,0,0,20,22,red
ball_4670.jpg,0,0,19,19,red
ball_68.jpg,0,0,20,22,red
ball_7094.jpg,0,0,22,23,red
ball_5926.jpg,0,0,19,19,red
ball_10874.jpg,0,0,18,21,red
ball_2554.jpg,0,0,19,20,red
ball_6466.jpg,0,0,21,22,red
ball_6054.jpg,0,0,19,20,red
ball_6416.jpg,0,0,20,21,red
ball_8540.jpg,0,0,16,18,red
ball_8824.jpg,0,0,18,21,red
ball_6102.jpg,0,0,21,21,red
ball_6608.jpg,0,0,20,24,red
ball_6220.jpg,0,0,22,20,red
ball_4574.jpg,0,0,19,17,red
ball_8386.jpg,0,0,17,19,red
ball_7032.jpg,0,0,19,22,red
ball_2596.jpg,0,0,19,20,red
ball_5870.jpg,0,0,20,21,red
ball_7160.jpg,0,0,23,21,red
ball_7018.jpg,0,0,19,20,red
ball_10632.jpg,0,0,18,21,red
ball_8738.jpg,0,0,18,19,red
ball_3658.jpg,0,0,19,20,red
ball_6476.jpg,0,0,20,22,red
ball_10644.jpg,0,0,18,21,red
ball_8332.jpg,0,0,17,19,red
ball_8744.jpg,0,0,18,21,red
ball_6630.jpg,0,0,21,23,red
ball_8892.jpg,0,0,19,23,red
